,room1,room1,room1,room2,room2,room2,
 ,temp,rh,ah,temp,rh,ah,
2022/04/01 00:00,19.9,0.83,0.01207,25.0,0.5,0.00988,
2022/04/01 00:10,19.81,0.832,0.01203,22.523,0.495,0.00841,
2022/04/01 00:20,19.71,0.833,0.01198,22.02,0.498,0.0082,
2022/04/01 00:30,19.61,0.835,0.01192,21.694,0.501,0.00809,
2022/04/01 00:40,19.51,0.837,0.01187,21.462,0.505,0.00803,
2022/04/01 00:50,19.41,0.838,0.01182,21.288,0.508,0.008,
2022/04/01 01:00,19.31,0.84,0.01177,21.156,0.512,0.008,
2022/04/01 01:10,19.255,0.84,0.01173,21.054,0.516,0.00801,
2022/04/01 01:20,19.205,0.84,0.01169,20.978,0.52,0.00803,
2022/04/01 01:30,19.155,0.84,0.01166,20.92,0.523,0.00805,
2022/04/01 01:40,19.105,0.84,0.01162,20.877,0.527,0.00808,
2022/04/01 01:50,19.055,0.84,0.01158,20.843,0.53,0.00812,
2022/04/01 02:00,19.005,0.84,0.01155,20.817,0.533,0.00815,
2022/04/01 02:10,19.0,0.837,0.0115,20.797,0.535,0.00818,
2022/04/01 02:20,19.0,0.834,0.01145,20.78,0.538,0.00821,
2022/04/01 02:30,19.0,0.83,0.01141,20.766,0.54,0.00824,
2022/04/01 02:40,19.0,0.827,0.01136,20.753,0.543,0.00827,
2022/04/01 02:50,19.0,0.824,0.01131,20.74,0.545,0.00829,
2022/04/01 03:00,19.0,0.82,0.01127,20.726,0.547,0.00832,
2022/04/01 03:10,18.88,0.82,0.01118,20.709,0.548,0.00833,
2022/04/01 03:20,18.747,0.82,0.01109,20.687,0.55,0.00835,
2022/04/01 03:30,18.613,0.82,0.01099,20.66,0.551,0.00836,
2022/04/01 03:40,18.48,0.82,0.0109,20.629,0.553,0.00836,
2022/04/01 03:50,18.347,0.82,0.01081,20.594,0.554,0.00836,
2022/04/01 04:00,18.213,0.82,0.01071,20.557,0.555,0.00836,
2022/04/01 04:10,18.125,0.82,0.01065,20.518,0.556,0.00836,
2022/04/01 04:20,18.042,0.82,0.0106,20.479,0.557,0.00835,
2022/04/01 04:30,17.958,0.82,0.01054,20.44,0.558,0.00835,
2022/04/01 04:40,17.875,0.82,0.01048,20.399,0.56,0.00834,
2022/04/01 04:50,17.792,0.82,0.01043,20.357,0.561,0.00834,
2022/04/01 05:00,17.708,0.82,0.01037,20.314,0.561,0.00833,
2022/04/01 05:10,17.76,0.811,0.01029,20.271,0.562,0.00832,
2022/04/01 05:20,17.827,0.801,0.0102,20.229,0.563,0.00831,
2022/04/01 05:30,17.893,0.791,0.01011,20.188,0.564,0.0083,
2022/04/01 05:40,17.96,0.781,0.01003,20.147,0.564,0.00828,
2022/04/01 05:50,18.027,0.771,0.00994,20.105,0.565,0.00827,
2022/04/01 06:00,18.093,0.761,0.00985,20.063,0.565,0.00825,
2022/04/01 06:10,17.98,0.763,0.00981,20.019,0.565,0.00823,
2022/04/01 06:20,17.847,0.766,0.00977,19.972,0.566,0.00822,
2022/04/01 06:30,17.713,0.77,0.00973,19.922,0.566,0.0082,
2022/04/01 06:40,17.58,0.773,0.00969,19.87,0.567,0.00818,
2022/04/01 06:50,17.447,0.776,0.00965,19.817,0.567,0.00815,
2022/04/01 07:00,17.313,0.78,0.00961,19.763,0.567,0.00813,
2022/04/01 07:10,17.315,0.771,0.0095,19.709,0.568,0.00811,
2022/04/01 07:20,17.332,0.761,0.00938,19.655,0.568,0.00809,
2022/04/01 07:30,17.348,0.751,0.00927,19.602,0.568,0.00806,
2022/04/01 07:40,17.365,0.741,0.00915,19.548,0.568,0.00804,
2022/04/01 07:50,17.382,0.731,0.00904,19.495,0.568,0.00801,
2022/04/01 08:00,17.398,0.721,0.00892,19.442,0.568,0.00798,
2022/04/01 08:10,17.475,0.72,0.00895,19.391,0.568,0.00795,
2022/04/01 08:20,17.558,0.72,0.009,19.348,0.568,0.00793,
2022/04/01 08:30,17.642,0.72,0.00905,19.31,0.568,0.00792,
2022/04/01 08:40,17.725,0.72,0.0091,19.276,0.569,0.0079,
2022/04/01 08:50,17.808,0.72,0.00915,19.244,0.569,0.00789,
2022/04/01 09:00,17.892,0.72,0.0092,19.215,0.569,0.00788,
2022/04/01 09:10,17.78,0.726,0.00921,19.184,0.57,0.00787,
2022/04/01 09:20,17.647,0.732,0.00921,19.149,0.57,0.00786,
2022/04/01 09:30,17.513,0.739,0.00922,19.111,0.57,0.00785,
2022/04/01 09:40,17.38,0.746,0.00922,19.072,0.571,0.00783,
2022/04/01 09:50,17.247,0.752,0.00923,19.032,0.571,0.00782,
2022/04/01 10:00,17.113,0.759,0.00923,18.991,0.572,0.00781,
2022/04/01 10:10,17.025,0.762,0.00921,18.951,0.572,0.00779,
2022/04/01 10:20,16.942,0.763,0.00918,18.912,0.573,0.00778,
2022/04/01 10:30,16.858,0.765,0.00915,18.872,0.573,0.00777,
2022/04/01 10:40,16.775,0.767,0.00912,18.833,0.574,0.00776,
2022/04/01 10:50,16.692,0.768,0.00909,18.793,0.574,0.00774,
2022/04/01 11:00,16.608,0.77,0.00906,18.754,0.575,0.00773,
2022/04/01 11:10,16.81,0.757,0.00903,18.719,0.575,0.00772,
2022/04/01 11:20,17.043,0.744,0.009,18.692,0.575,0.00771,
2022/04/01 11:30,17.277,0.73,0.00897,18.669,0.576,0.0077,
2022/04/01 11:40,17.51,0.717,0.00894,18.651,0.576,0.00769,
2022/04/01 11:50,17.743,0.704,0.0089,18.634,0.576,0.00769,
2022/04/01 12:00,17.977,0.691,0.00887,18.621,0.576,0.00768,
2022/04/01 12:10,17.91,0.689,0.0088,18.603,0.576,0.00767,
2022/04/01 12:20,17.81,0.687,0.00872,18.578,0.576,0.00766,
2022/04/01 12:30,17.71,0.685,0.00865,18.547,0.575,0.00764,
2022/04/01 12:40,17.61,0.684,0.00857,18.513,0.575,0.00762,
2022/04/01 12:50,17.51,0.682,0.00849,18.478,0.575,0.0076,
2022/04/01 13:00,17.41,0.68,0.00842,18.44,0.575,0.00758,
2022/04/01 13:10,17.445,0.677,0.0084,18.405,0.575,0.00756,
2022/04/01 13:20,17.495,0.674,0.00838,18.375,0.575,0.00754,
2022/04/01 13:30,17.545,0.67,0.00836,18.349,0.574,0.00753,
2022/04/01 13:40,17.595,0.667,0.00835,18.325,0.574,0.00752,
2022/04/01 13:50,17.645,0.664,0.00833,18.303,0.574,0.00751,
2022/04/01 14:00,17.695,0.66,0.00832,18.283,0.574,0.0075,
2022/04/01 14:10,17.73,0.654,0.00826,18.262,0.574,0.00749,
2022/04/01 14:20,17.763,0.647,0.00819,18.241,0.574,0.00747,
2022/04/01 14:30,17.797,0.641,0.00812,18.219,0.574,0.00746,
2022/04/01 14:40,17.83,0.634,0.00805,18.197,0.573,0.00744,
2022/04/01 14:50,17.863,0.627,0.00798,18.175,0.573,0.00743,
2022/04/01 15:00,17.897,0.621,0.00791,18.153,0.572,0.00741,
2022/04/01 15:10,17.81,0.617,0.00782,18.129,0.572,0.00739,
2022/04/01 15:20,17.71,0.614,0.00773,18.101,0.571,0.00737,
2022/04/01 15:30,17.61,0.611,0.00764,18.071,0.571,0.00735,
2022/04/01 15:40,17.51,0.607,0.00755,18.04,0.57,0.00733,
2022/04/01 15:50,17.41,0.604,0.00746,18.007,0.569,0.0073,
2022/04/01 16:00,17.31,0.6,0.00737,17.973,0.569,0.00728,
2022/04/01 16:10,17.21,0.599,0.0073,17.939,0.568,0.00726,
2022/04/01 16:20,17.11,0.597,0.00723,17.906,0.567,0.00723,
2022/04/01 16:30,17.01,0.595,0.00717,17.872,0.567,0.00721,
2022/04/01 16:40,16.91,0.594,0.0071,17.838,0.566,0.00718,
2022/04/01 16:50,16.81,0.592,0.00704,17.803,0.565,0.00716,
2022/04/01 17:00,16.71,0.59,0.00697,17.768,0.565,0.00713,
2022/04/01 17:10,16.7,0.588,0.00695,17.735,0.564,0.00711,
2022/04/01 17:20,16.7,0.587,0.00693,17.705,0.563,0.00709,
2022/04/01 17:30,16.7,0.585,0.00691,17.677,0.563,0.00706,
2022/04/01 17:40,16.7,0.584,0.00689,17.651,0.562,0.00704,
2022/04/01 17:50,16.7,0.582,0.00687,17.625,0.561,0.00703,
2022/04/01 18:00,16.7,0.58,0.00685,17.601,0.561,0.00701,
2022/04/01 18:10,16.595,0.579,0.00678,17.574,0.56,0.00698,
2022/04/01 18:20,16.478,0.577,0.00671,17.543,0.559,0.00696,
2022/04/01 18:30,16.362,0.575,0.00664,17.51,0.558,0.00694,
2022/04/01 18:40,16.245,0.574,0.00657,17.474,0.557,0.00691,
2022/04/01 18:50,16.128,0.572,0.0065,17.437,0.557,0.00688,
2022/04/01 19:00,16.012,0.57,0.00644,17.398,0.556,0.00685,
2022/04/01 19:10,15.94,0.57,0.0064,17.36,0.555,0.00683,
2022/04/01 19:20,15.873,0.57,0.00638,17.323,0.554,0.0068,
2022/04/01 19:30,15.807,0.57,0.00635,17.288,0.553,0.00678,
2022/04/01 19:40,15.74,0.57,0.00632,17.253,0.552,0.00675,
2022/04/01 19:50,15.673,0.57,0.00629,17.219,0.552,0.00673,
2022/04/01 20:00,15.607,0.57,0.00627,17.184,0.551,0.0067,
2022/04/01 20:10,15.69,0.567,0.00627,17.152,0.55,0.00668,
2022/04/01 20:20,15.79,0.564,0.00627,17.125,0.549,0.00666,
2022/04/01 20:30,15.89,0.56,0.00627,17.101,0.549,0.00664,
2022/04/01 20:40,15.99,0.557,0.00628,17.079,0.548,0.00662,
2022/04/01 20:50,16.09,0.554,0.00628,17.059,0.547,0.00661,
2022/04/01 21:00,16.19,0.55,0.00628,17.041,0.547,0.00659,
2022/04/01 21:10,16.11,0.549,0.00623,17.02,0.546,0.00657,
2022/04/01 21:20,16.01,0.547,0.00617,16.993,0.545,0.00655,
2022/04/01 21:30,15.91,0.545,0.00611,16.963,0.544,0.00653,
2022/04/01 21:40,15.81,0.544,0.00605,16.93,0.543,0.0065,
2022/04/01 21:50,15.71,0.542,0.006,16.895,0.543,0.00648,
2022/04/01 22:00,15.61,0.54,0.00594,16.859,0.542,0.00645,
2022/04/01 22:10,15.555,0.54,0.00591,16.823,0.541,0.00643,
2022/04/01 22:20,15.505,0.54,0.0059,16.79,0.54,0.0064,
2022/04/01 22:30,15.455,0.54,0.00588,16.758,0.539,0.00638,
2022/04/01 22:40,15.405,0.54,0.00586,16.727,0.539,0.00636,
2022/04/01 22:50,15.355,0.54,0.00584,16.696,0.538,0.00634,
2022/04/01 23:00,15.305,0.54,0.00582,16.665,0.537,0.00632,
2022/04/01 23:10,15.36,0.538,0.00582,16.637,0.537,0.0063,
2022/04/01 23:20,15.427,0.537,0.00583,16.613,0.536,0.00628,
2022/04/01 23:30,15.493,0.535,0.00584,16.591,0.535,0.00627,
2022/04/01 23:40,15.56,0.533,0.00584,16.571,0.535,0.00625,
2022/04/01 23:50,15.627,0.532,0.00585,16.552,0.534,0.00624,
2022/04/02 00:00,15.693,0.53,0.00586,16.535,0.534,0.00622,
2022/04/02 00:10,15.595,0.53,0.00582,16.515,0.533,0.00621,
2022/04/02 00:20,15.478,0.53,0.00578,16.489,0.532,0.00619,
2022/04/02 00:30,15.362,0.53,0.00573,16.461,0.532,0.00617,
2022/04/02 00:40,15.245,0.53,0.00569,16.43,0.531,0.00615,
2022/04/02 00:50,15.128,0.53,0.00565,16.397,0.53,0.00613,
2022/04/02 01:00,15.012,0.53,0.0056,16.363,0.529,0.00611,
2022/04/02 01:10,14.955,0.531,0.0056,16.33,0.529,0.00609,
2022/04/02 01:20,14.905,0.533,0.0056,16.299,0.528,0.00607,
2022/04/02 01:30,14.855,0.535,0.0056,16.27,0.528,0.00605,
2022/04/02 01:40,14.805,0.536,0.0056,16.242,0.527,0.00603,
2022/04/02 01:50,14.755,0.538,0.0056,16.214,0.527,0.00602,
2022/04/02 02:00,14.705,0.54,0.00559,16.186,0.526,0.006,
2022/04/02 02:10,14.805,0.54,0.00563,16.162,0.526,0.00599,
2022/04/02 02:20,14.922,0.54,0.00568,16.143,0.525,0.00598,
2022/04/02 02:30,15.038,0.54,0.00572,16.129,0.525,0.00597,
2022/04/02 02:40,15.155,0.54,0.00576,16.117,0.525,0.00596,
2022/04/02 02:50,15.272,0.54,0.00581,16.107,0.525,0.00595,
2022/04/02 03:00,15.388,0.54,0.00585,16.099,0.524,0.00595,
2022/04/02 03:10,15.31,0.537,0.00579,16.087,0.524,0.00594,
2022/04/02 03:20,15.21,0.534,0.00572,16.068,0.524,0.00593,
2022/04/02 03:30,15.11,0.531,0.00565,16.043,0.523,0.00591,
2022/04/02 03:40,15.01,0.527,0.00557,16.015,0.523,0.00589,
2022/04/02 03:50,14.91,0.524,0.0055,15.984,0.522,0.00587,
2022/04/02 04:00,14.81,0.52,0.00543,15.951,0.521,0.00585,
2022/04/02 04:10,14.8,0.523,0.00545,15.921,0.521,0.00584,
2022/04/02 04:20,14.8,0.526,0.00549,15.895,0.52,0.00582,
2022/04/02 04:30,14.8,0.53,0.00552,15.874,0.52,0.00581,
2022/04/02 04:40,14.8,0.533,0.00556,15.855,0.52,0.0058,
2022/04/02 04:50,14.8,0.536,0.00559,15.838,0.519,0.00579,
2022/04/02 05:00,14.8,0.54,0.00563,15.822,0.519,0.00578,
2022/04/02 05:10,14.905,0.539,0.00565,15.808,0.519,0.00578,
2022/04/02 05:20,15.022,0.537,0.00568,15.797,0.519,0.00577,
2022/04/02 05:30,15.138,0.535,0.0057,15.789,0.519,0.00577,
2022/04/02 05:40,15.255,0.534,0.00573,15.783,0.519,0.00576,
2022/04/02 05:50,15.372,0.532,0.00576,15.778,0.519,0.00576,
2022/04/02 06:00,15.488,0.53,0.00578,15.775,0.519,0.00576,
2022/04/02 06:10,15.41,0.527,0.00572,15.768,0.518,0.00575,
2022/04/02 06:20,15.31,0.524,0.00565,15.754,0.518,0.00574,
2022/04/02 06:30,15.21,0.521,0.00557,15.735,0.518,0.00573,
2022/04/02 06:40,15.11,0.517,0.0055,15.712,0.517,0.00572,
2022/04/02 06:50,15.01,0.514,0.00543,15.687,0.517,0.0057,
2022/04/02 07:00,14.91,0.51,0.00536,15.661,0.516,0.00569,
2022/04/02 07:10,14.96,0.512,0.00539,15.638,0.516,0.00567,
2022/04/02 07:20,15.027,0.513,0.00543,15.622,0.515,0.00566,
2022/04/02 07:30,15.093,0.515,0.00547,15.611,0.515,0.00566,
2022/04/02 07:40,15.16,0.517,0.00551,15.604,0.515,0.00565,
2022/04/02 07:50,15.227,0.518,0.00555,15.599,0.515,0.00565,
2022/04/02 08:00,15.293,0.52,0.0056,15.596,0.515,0.00565,
2022/04/02 08:10,15.48,0.515,0.00561,15.596,0.515,0.00565,
2022/04/02 08:20,15.68,0.51,0.00563,15.599,0.515,0.00565,
2022/04/02 08:30,15.88,0.505,0.00565,15.605,0.514,0.00565,
2022/04/02 08:40,16.08,0.5,0.00566,15.613,0.514,0.00565,
2022/04/02 08:50,16.28,0.495,0.00568,15.624,0.514,0.00565,
2022/04/02 09:00,16.48,0.49,0.0057,15.636,0.514,0.00566,
2022/04/02 09:10,16.515,0.484,0.00563,15.647,0.514,0.00566,
2022/04/02 09:20,16.532,0.477,0.00556,15.651,0.513,0.00565,
2022/04/02 09:30,16.548,0.471,0.00549,15.653,0.513,0.00565,
2022/04/02 09:40,16.565,0.464,0.00542,15.652,0.512,0.00564,
2022/04/02 09:50,16.582,0.457,0.00534,15.65,0.512,0.00564,
2022/04/02 10:00,16.598,0.451,0.00527,15.648,0.511,0.00563,
2022/04/02 10:10,16.69,0.45,0.00529,15.649,0.51,0.00562,
2022/04/02 10:20,16.79,0.45,0.00533,15.656,0.51,0.00562,
2022/04/02 10:30,16.89,0.45,0.00536,15.667,0.51,0.00562,
2022/04/02 10:40,16.99,0.45,0.0054,15.683,0.509,0.00562,
2022/04/02 10:50,17.09,0.45,0.00543,15.701,0.509,0.00563,
2022/04/02 11:00,17.19,0.45,0.00547,15.721,0.509,0.00563,
2022/04/02 11:10,17.35,0.444,0.00544,15.743,0.509,0.00564,
2022/04/02 11:20,17.517,0.437,0.00542,15.766,0.509,0.00564,
2022/04/02 11:30,17.683,0.43,0.00539,15.791,0.508,0.00565,
2022/04/02 11:40,17.85,0.424,0.00536,15.817,0.508,0.00565,
2022/04/02 11:50,18.017,0.417,0.00534,15.844,0.507,0.00566,
2022/04/02 12:00,18.183,0.411,0.00531,15.873,0.507,0.00566,
2022/04/02 12:10,18.185,0.411,0.00532,15.901,0.506,0.00567,
2022/04/02 12:20,18.168,0.413,0.00534,15.928,0.506,0.00567,
2022/04/02 12:30,18.152,0.415,0.00535,15.955,0.505,0.00568,
2022/04/02 12:40,18.135,0.416,0.00537,15.982,0.505,0.00568,
2022/04/02 12:50,18.118,0.418,0.00538,16.01,0.505,0.00569,
2022/04/02 13:00,18.102,0.42,0.0054,16.038,0.505,0.0057,
2022/04/02 13:10,18.085,0.421,0.00542,16.067,0.504,0.00571,
2022/04/02 13:20,18.068,0.423,0.00543,16.096,0.504,0.00572,
2022/04/02 13:30,18.052,0.425,0.00545,16.126,0.504,0.00573,
2022/04/02 13:40,18.035,0.426,0.00546,16.157,0.504,0.00574,
2022/04/02 13:50,18.018,0.428,0.00548,16.189,0.504,0.00575,
2022/04/02 14:00,18.002,0.43,0.0055,16.22,0.504,0.00576,
2022/04/02 14:10,18.075,0.428,0.0055,16.254,0.504,0.00577,
2022/04/02 14:20,18.158,0.427,0.00551,16.289,0.504,0.00578,
2022/04/02 14:30,18.242,0.425,0.00552,16.326,0.503,0.00579,
2022/04/02 14:40,18.325,0.423,0.00553,16.364,0.503,0.0058,
2022/04/02 14:50,18.408,0.422,0.00553,16.403,0.503,0.00582,
2022/04/02 15:00,18.492,0.42,0.00554,16.442,0.503,0.00583,
2022/04/02 15:10,18.455,0.421,0.00554,16.48,0.503,0.00584,
2022/04/02 15:20,18.405,0.423,0.00555,16.514,0.502,0.00585,
2022/04/02 15:30,18.355,0.425,0.00555,16.547,0.502,0.00586,
2022/04/02 15:40,18.305,0.426,0.00556,16.578,0.502,0.00587,
2022/04/02 15:50,18.255,0.428,0.00556,16.608,0.502,0.00588,
2022/04/02 16:00,18.205,0.43,0.00557,16.637,0.502,0.00589,
2022/04/02 16:10,18.14,0.434,0.0056,16.666,0.502,0.0059,
2022/04/02 16:20,18.073,0.439,0.00564,16.694,0.501,0.00591,
2022/04/02 16:30,18.007,0.444,0.00568,16.723,0.501,0.00592,
2022/04/02 16:40,17.94,0.449,0.00572,16.752,0.502,0.00593,
2022/04/02 16:50,17.873,0.454,0.00577,16.78,0.502,0.00594,
2022/04/02 17:00,17.807,0.459,0.00581,16.808,0.502,0.00595,
2022/04/02 17:10,17.845,0.46,0.00583,16.836,0.502,0.00596,
2022/04/02 17:20,17.895,0.46,0.00585,16.866,0.502,0.00598,
2022/04/02 17:30,17.945,0.46,0.00586,16.896,0.502,0.00599,
2022/04/02 17:40,17.995,0.46,0.00588,16.926,0.502,0.006,
2022/04/02 17:50,18.045,0.46,0.0059,16.957,0.502,0.00601,
2022/04/02 18:00,18.095,0.46,0.00592,16.987,0.502,0.00602,
2022/04/02 18:10,18.01,0.457,0.00585,17.013,0.502,0.00603,
2022/04/02 18:20,17.91,0.454,0.00577,17.032,0.502,0.00604,
2022/04/02 18:30,17.81,0.451,0.00569,17.045,0.501,0.00604,
2022/04/02 18:40,17.71,0.447,0.00562,17.054,0.501,0.00604,
2022/04/02 18:50,17.61,0.444,0.00554,17.06,0.5,0.00603,
2022/04/02 19:00,17.51,0.44,0.00546,17.062,0.5,0.00603,
2022/04/02 19:10,17.485,0.441,0.00546,17.066,0.499,0.00602,
2022/04/02 19:20,17.468,0.443,0.00548,17.072,0.499,0.00602,
2022/04/02 19:30,17.452,0.445,0.00549,17.08,0.499,0.00602,
2022/04/02 19:40,17.435,0.446,0.00551,17.09,0.498,0.00602,
2022/04/02 19:50,17.418,0.448,0.00552,17.099,0.498,0.00602,
2022/04/02 20:00,17.402,0.45,0.00554,17.109,0.498,0.00602,
2022/04/02 20:10,17.445,0.453,0.00559,17.119,0.498,0.00602,
2022/04/02 20:20,17.495,0.456,0.00565,17.133,0.498,0.00603,
2022/04/02 20:30,17.545,0.46,0.00571,17.148,0.497,0.00603,
2022/04/02 20:40,17.595,0.463,0.00577,17.165,0.497,0.00604,
2022/04/02 20:50,17.645,0.466,0.00583,17.183,0.498,0.00605,
2022/04/02 21:00,17.695,0.47,0.00589,17.201,0.498,0.00605,
2022/04/02 21:10,17.625,0.469,0.00585,17.216,0.498,0.00606,
2022/04/02 21:20,17.542,0.467,0.0058,17.225,0.497,0.00606,
2022/04/02 21:30,17.458,0.465,0.00575,17.229,0.497,0.00606,
2022/04/02 21:40,17.375,0.464,0.0057,17.229,0.497,0.00606,
2022/04/02 21:50,17.292,0.462,0.00565,17.227,0.497,0.00605,
2022/04/02 22:00,17.208,0.46,0.0056,17.223,0.496,0.00605,
2022/04/02 22:10,17.185,0.463,0.00562,17.22,0.496,0.00604,
2022/04/02 22:20,17.168,0.466,0.00566,17.221,0.496,0.00604,
2022/04/02 22:30,17.152,0.47,0.00569,17.223,0.496,0.00604,
2022/04/02 22:40,17.135,0.473,0.00573,17.227,0.496,0.00604,
2022/04/02 22:50,17.118,0.476,0.00576,17.231,0.496,0.00604,
2022/04/02 23:00,17.102,0.48,0.0058,17.236,0.496,0.00604,
2022/04/02 23:10,17.205,0.478,0.00582,17.242,0.496,0.00605,
2022/04/02 23:20,17.322,0.477,0.00584,17.251,0.496,0.00605,
2022/04/02 23:30,17.438,0.475,0.00587,17.261,0.496,0.00605,
2022/04/02 23:40,17.555,0.473,0.00589,17.274,0.496,0.00606,
2022/04/02 23:50,17.672,0.472,0.00591,17.287,0.496,0.00606,
2022/04/03 00:00,17.788,0.47,0.00594,17.301,0.496,0.00607,
2022/04/03 00:10,17.74,0.469,0.0059,17.311,0.495,0.00607,
2022/04/03 00:20,17.673,0.467,0.00585,17.316,0.495,0.00607,
2022/04/03 00:30,17.607,0.465,0.00581,17.317,0.495,0.00607,
2022/04/03 00:40,17.54,0.464,0.00576,17.315,0.495,0.00606,
2022/04/03 00:50,17.473,0.462,0.00571,17.311,0.494,0.00606,
2022/04/03 01:00,17.407,0.46,0.00567,17.305,0.494,0.00605,
2022/04/03 01:10,17.355,0.464,0.0057,17.3,0.494,0.00605,
2022/04/03 01:20,17.305,0.469,0.00575,17.298,0.494,0.00604,
2022/04/03 01:30,17.255,0.474,0.00579,17.297,0.494,0.00604,
2022/04/03 01:40,17.205,0.479,0.00583,17.298,0.494,0.00605,
2022/04/03 01:50,17.155,0.484,0.00587,17.3,0.494,0.00605,
2022/04/03 02:00,17.105,0.489,0.00592,17.302,0.494,0.00605,
2022/04/03 02:10,17.175,0.49,0.00595,17.305,0.494,0.00605,
2022/04/03 02:20,17.258,0.49,0.00598,17.312,0.494,0.00606,
2022/04/03 02:30,17.342,0.49,0.00601,17.32,0.495,0.00606,
2022/04/03 02:40,17.425,0.49,0.00605,17.33,0.495,0.00607,
2022/04/03 02:50,17.508,0.49,0.00608,17.341,0.495,0.00608,
2022/04/03 03:00,17.592,0.49,0.00611,17.353,0.495,0.00608,
2022/04/03 03:10,17.495,0.493,0.00611,17.362,0.495,0.00609,
2022/04/03 03:20,17.378,0.496,0.00611,17.365,0.495,0.00609,
2022/04/03 03:30,17.262,0.5,0.0061,17.365,0.496,0.00609,
2022/04/03 03:40,17.145,0.503,0.0061,17.362,0.496,0.00609,
2022/04/03 03:50,17.028,0.506,0.00609,17.357,0.496,0.00609,
2022/04/03 04:00,16.912,0.51,0.00609,17.351,0.496,0.00609,
2022/04/03 04:10,16.855,0.517,0.00616,17.346,0.496,0.00609,
2022/04/03 04:20,16.805,0.526,0.00624,17.344,0.496,0.00609,
2022/04/03 04:30,16.755,0.534,0.00632,17.344,0.497,0.0061,
2022/04/03 04:40,16.705,0.542,0.0064,17.346,0.497,0.00611,
2022/04/03 04:50,16.655,0.551,0.00648,17.349,0.498,0.00612,
2022/04/03 05:00,16.605,0.559,0.00656,17.352,0.499,0.00613,
2022/04/03 05:10,16.72,0.559,0.0066,17.358,0.499,0.00614,
2022/04/03 05:20,16.853,0.557,0.00663,17.366,0.5,0.00615,
2022/04/03 05:30,16.987,0.555,0.00667,17.376,0.501,0.00616,
2022/04/03 05:40,17.12,0.554,0.00671,17.387,0.501,0.00617,
2022/04/03 05:50,17.253,0.552,0.00674,17.399,0.502,0.00618,
2022/04/03 06:00,17.387,0.55,0.00678,17.412,0.502,0.00619,
2022/04/03 06:10,17.28,0.554,0.00679,17.422,0.503,0.0062,
2022/04/03 06:20,17.147,0.559,0.00679,17.424,0.503,0.00621,
2022/04/03 06:30,17.013,0.564,0.00679,17.422,0.504,0.00621,
2022/04/03 06:40,16.88,0.569,0.00679,17.416,0.504,0.00622,
2022/04/03 06:50,16.747,0.574,0.0068,17.408,0.504,0.00622,
2022/04/03 07:00,16.613,0.579,0.0068,17.398,0.505,0.00622,
2022/04/03 07:10,16.69,0.578,0.00682,17.391,0.505,0.00623,
2022/04/03 07:20,16.79,0.577,0.00685,17.389,0.506,0.00623,
2022/04/03 07:30,16.89,0.575,0.00687,17.39,0.507,0.00624,
2022/04/03 07:40,16.99,0.573,0.00689,17.393,0.507,0.00625,
2022/04/03 07:50,17.09,0.572,0.00692,17.398,0.508,0.00626,
2022/04/03 08:00,17.19,0.57,0.00694,17.404,0.508,0.00627,
2022/04/03 08:10,17.365,0.559,0.00688,17.41,0.509,0.00627,
2022/04/03 08:20,17.548,0.547,0.00681,17.416,0.509,0.00628,
2022/04/03 08:30,17.732,0.535,0.00674,17.421,0.509,0.00628,
2022/04/03 08:40,17.915,0.524,0.00667,17.426,0.509,0.00628,
2022/04/03 08:50,18.098,0.512,0.0066,17.431,0.509,0.00628,
2022/04/03 09:00,18.282,0.501,0.00653,17.436,0.509,0.00628,
2022/04/03 09:10,18.33,0.498,0.00652,17.44,0.508,0.00628,
2022/04/03 09:20,18.363,0.497,0.00651,17.444,0.508,0.00628,
2022/04/03 09:30,18.397,0.495,0.0065,17.448,0.508,0.00628,
2022/04/03 09:40,18.43,0.493,0.00649,17.452,0.508,0.00628,
2022/04/03 09:50,18.463,0.492,0.00648,17.456,0.508,0.00628,
2022/04/03 10:00,18.497,0.49,0.00647,17.461,0.508,0.00629,
2022/04/03 10:10,18.545,0.49,0.00649,17.468,0.508,0.00629,
2022/04/03 10:20,18.595,0.49,0.00651,17.477,0.508,0.00629,
2022/04/03 10:30,18.645,0.49,0.00653,17.488,0.508,0.0063,
2022/04/03 10:40,18.695,0.49,0.00655,17.501,0.508,0.00631,
2022/04/03 10:50,18.745,0.49,0.00658,17.515,0.509,0.00631,
2022/04/03 11:00,18.795,0.49,0.0066,17.531,0.509,0.00632,
2022/04/03 11:10,18.92,0.484,0.00656,17.549,0.509,0.00633,
2022/04/03 11:20,19.053,0.477,0.00652,17.567,0.509,0.00634,
2022/04/03 11:30,19.187,0.47,0.00649,17.587,0.509,0.00635,
2022/04/03 11:40,19.32,0.464,0.00645,17.608,0.509,0.00635,
2022/04/03 11:50,19.453,0.457,0.00641,17.631,0.509,0.00636,
2022/04/03 12:00,19.587,0.451,0.00637,17.654,0.508,0.00637,
2022/04/03 12:10,19.6,0.454,0.00643,17.678,0.508,0.00638,
2022/04/03 12:20,19.6,0.459,0.0065,17.704,0.508,0.00639,
2022/04/03 12:30,19.6,0.464,0.00657,17.732,0.508,0.0064,
2022/04/03 12:40,19.6,0.47,0.00665,17.761,0.509,0.00641,
2022/04/03 12:50,19.6,0.474,0.00672,17.792,0.509,0.00643,
2022/04/03 13:00,19.6,0.48,0.00679,17.824,0.509,0.00645,
2022/04/03 13:10,19.615,0.482,0.00682,17.857,0.51,0.00647,
2022/04/03 13:20,19.632,0.483,0.00686,17.889,0.51,0.00649,
2022/04/03 13:30,19.648,0.485,0.00689,17.923,0.51,0.0065,
2022/04/03 13:40,19.665,0.487,0.00692,17.956,0.511,0.00652,
2022/04/03 13:50,19.682,0.488,0.00695,17.99,0.511,0.00654,
2022/04/03 14:00,19.698,0.49,0.00698,18.025,0.511,0.00656,
2022/04/03 14:10,19.79,0.485,0.00696,18.06,0.512,0.00658,
2022/04/03 14:20,19.89,0.48,0.00693,18.096,0.512,0.0066,
2022/04/03 14:30,19.99,0.475,0.0069,18.131,0.512,0.00661,
2022/04/03 14:40,20.09,0.47,0.00687,18.167,0.512,0.00663,
2022/04/03 14:50,20.19,0.465,0.00683,18.202,0.512,0.00664,
2022/04/03 15:00,20.29,0.46,0.0068,18.238,0.512,0.00666,
2022/04/03 15:10,20.225,0.466,0.00686,18.272,0.512,0.00667,
2022/04/03 15:20,20.142,0.472,0.00692,18.305,0.512,0.00669,
2022/04/03 15:30,20.058,0.479,0.00698,18.338,0.512,0.0067,
2022/04/03 15:40,19.975,0.486,0.00704,18.37,0.513,0.00672,
2022/04/03 15:50,19.892,0.493,0.0071,18.402,0.513,0.00674,
2022/04/03 16:00,19.808,0.499,0.00717,18.433,0.513,0.00676,
2022/04/03 16:10,19.755,0.507,0.00726,18.465,0.514,0.00678,
2022/04/03 16:20,19.705,0.516,0.00735,18.499,0.515,0.0068,
2022/04/03 16:30,19.655,0.524,0.00745,18.533,0.515,0.00683,
2022/04/03 16:40,19.605,0.532,0.00755,18.569,0.516,0.00685,
2022/04/03 16:50,19.555,0.541,0.00764,18.605,0.517,0.00688,
2022/04/03 17:00,19.505,0.549,0.00774,18.64,0.518,0.0069,
2022/04/03 17:10,19.485,0.556,0.00783,18.676,0.518,0.00693,
2022/04/03 17:20,19.468,0.563,0.00791,18.713,0.519,0.00696,
2022/04/03 17:30,19.452,0.569,0.008,18.749,0.52,0.00699,
2022/04/03 17:40,19.435,0.576,0.00809,18.785,0.521,0.00702,
2022/04/03 17:50,19.418,0.583,0.00817,18.82,0.522,0.00704,
2022/04/03 18:00,19.402,0.589,0.00826,18.855,0.523,0.00707,
2022/04/03 18:10,19.31,0.586,0.00816,18.885,0.524,0.0071,
2022/04/03 18:20,19.21,0.581,0.00804,18.906,0.524,0.00711,
2022/04/03 18:30,19.11,0.576,0.00792,18.919,0.525,0.00712,
2022/04/03 18:40,19.01,0.571,0.0078,18.926,0.525,0.00713,
2022/04/03 18:50,18.91,0.566,0.00768,18.929,0.525,0.00713,
2022/04/03 19:00,18.81,0.561,0.00756,18.928,0.525,0.00713,
2022/04/03 19:10,18.77,0.56,0.00754,18.927,0.525,0.00713,
2022/04/03 19:20,18.737,0.56,0.00752,18.927,0.525,0.00713,
2022/04/03 19:30,18.703,0.56,0.00751,18.928,0.525,0.00713,
2022/04/03 19:40,18.67,0.56,0.00749,18.929,0.525,0.00714,
2022/04/03 19:50,18.637,0.56,0.00747,18.929,0.525,0.00714,
2022/04/03 20:00,18.603,0.56,0.00746,18.929,0.525,0.00714,
2022/04/03 20:10,18.57,0.564,0.0075,18.928,0.526,0.00714,
2022/04/03 20:20,18.537,0.569,0.00755,18.928,0.526,0.00714,
2022/04/03 20:30,18.503,0.574,0.0076,18.929,0.526,0.00715,
2022/04/03 20:40,18.47,0.579,0.00766,18.929,0.526,0.00715,
2022/04/03 20:50,18.437,0.584,0.00771,18.93,0.527,0.00716,
2022/04/03 21:00,18.403,0.589,0.00776,18.931,0.527,0.00716,
2022/04/03 21:10,18.295,0.594,0.00777,18.929,0.527,0.00717,
2022/04/03 21:20,18.178,0.599,0.00778,18.924,0.528,0.00717,
2022/04/03 21:30,18.062,0.604,0.00778,18.916,0.528,0.00717,
2022/04/03 21:40,17.945,0.609,0.00779,18.906,0.528,0.00717,
2022/04/03 21:50,17.828,0.614,0.0078,18.894,0.529,0.00717,
2022/04/03 22:00,17.712,0.619,0.00781,18.881,0.529,0.00717,
2022/04/03 22:10,17.67,0.619,0.00777,18.867,0.53,0.00717,
2022/04/03 22:20,17.637,0.617,0.00774,18.853,0.53,0.00716,
2022/04/03 22:30,17.603,0.615,0.0077,18.838,0.53,0.00716,
2022/04/03 22:40,17.57,0.614,0.00766,18.822,0.53,0.00716,
2022/04/03 22:50,17.537,0.612,0.00762,18.804,0.53,0.00715,
2022/04/03 23:00,17.503,0.61,0.00759,18.786,0.53,0.00714,
2022/04/03 23:10,17.5,0.605,0.00752,18.767,0.53,0.00713,
2022/04/03 23:20,17.5,0.6,0.00746,18.747,0.53,0.00713,
2022/04/03 23:30,17.5,0.595,0.0074,18.725,0.53,0.00711,
2022/04/03 23:40,17.5,0.59,0.00734,18.703,0.53,0.0071,
2022/04/03 23:50,17.5,0.585,0.00727,18.679,0.53,0.00709,
2022/04/04 00:00,17.5,0.58,0.00721,18.655,0.53,0.00707,
2022/04/04 00:10,17.425,0.586,0.00724,18.63,0.53,0.00706,
2022/04/04 00:20,17.342,0.592,0.00729,18.605,0.529,0.00705,
2022/04/04 00:30,17.258,0.599,0.00733,18.582,0.53,0.00704,
2022/04/04 00:40,17.175,0.606,0.00737,18.558,0.53,0.00703,
2022/04/04 00:50,17.092,0.613,0.00742,18.535,0.53,0.00702,
2022/04/04 01:00,17.008,0.619,0.00746,18.512,0.53,0.00702,
2022/04/04 01:10,16.97,0.621,0.00747,18.489,0.53,0.00701,
2022/04/04 01:20,16.937,0.623,0.00747,18.466,0.531,0.007,
2022/04/04 01:30,16.903,0.625,0.00748,18.442,0.531,0.00699,
2022/04/04 01:40,16.87,0.626,0.00748,18.419,0.531,0.00699,
2022/04/04 01:50,16.837,0.628,0.00748,18.395,0.531,0.00698,
2022/04/04 02:00,16.803,0.63,0.00749,18.371,0.531,0.00697,
2022/04/04 02:10,16.875,0.624,0.00745,18.349,0.532,0.00696,
2022/04/04 02:20,16.958,0.617,0.00741,18.327,0.532,0.00696,
2022/04/04 02:30,17.042,0.61,0.00737,18.306,0.532,0.00695,
2022/04/04 02:40,17.125,0.604,0.00733,18.285,0.532,0.00694,
2022/04/04 02:50,17.208,0.597,0.00728,18.265,0.532,0.00693,
2022/04/04 03:00,17.292,0.591,0.00724,18.246,0.532,0.00692,
2022/04/04 03:10,17.21,0.596,0.00727,18.225,0.531,0.00691,
2022/04/04 03:20,17.11,0.602,0.0073,18.202,0.531,0.0069,
2022/04/04 03:30,17.01,0.609,0.00734,18.179,0.532,0.00689,
2022/04/04 03:40,16.91,0.616,0.00737,18.155,0.532,0.00688,
2022/04/04 03:50,16.81,0.622,0.0074,18.131,0.532,0.00687,
2022/04/04 04:00,16.71,0.629,0.00744,18.107,0.532,0.00687,
2022/04/04 04:10,16.7,0.632,0.00746,18.084,0.533,0.00686,
2022/04/04 04:20,16.7,0.633,0.00748,18.063,0.533,0.00686,
2022/04/04 04:30,16.7,0.635,0.0075,18.044,0.533,0.00685,
2022/04/04 04:40,16.7,0.636,0.00752,18.025,0.534,0.00685,
2022/04/04 04:50,16.7,0.638,0.00754,18.007,0.534,0.00685,
2022/04/04 05:00,16.7,0.64,0.00756,17.99,0.534,0.00684,
2022/04/04 05:10,16.835,0.634,0.00755,17.974,0.535,0.00684,
2022/04/04 05:20,16.985,0.627,0.00754,17.962,0.535,0.00684,
2022/04/04 05:30,17.135,0.62,0.00753,17.952,0.535,0.00684,
2022/04/04 05:40,17.285,0.614,0.00752,17.944,0.536,0.00684,
2022/04/04 05:50,17.435,0.607,0.00751,17.937,0.536,0.00684,
2022/04/04 06:00,17.585,0.601,0.0075,17.931,0.536,0.00684,
2022/04/04 06:10,17.54,0.61,0.0076,17.926,0.536,0.00684,
2022/04/04 06:20,17.473,0.622,0.00772,17.92,0.536,0.00684,
2022/04/04 06:30,17.407,0.633,0.00783,17.915,0.537,0.00684,
2022/04/04 06:40,17.34,0.645,0.00794,17.911,0.538,0.00685,
2022/04/04 06:50,17.273,0.657,0.00805,17.908,0.539,0.00686,
2022/04/04 07:00,17.207,0.669,0.00817,17.906,0.54,0.00687,
2022/04/04 07:10,17.305,0.667,0.0082,17.906,0.541,0.00688,
2022/04/04 07:20,17.422,0.664,0.00822,17.908,0.541,0.0069,
2022/04/04 07:30,17.538,0.66,0.00823,17.911,0.542,0.00691,
2022/04/04 07:40,17.655,0.657,0.00825,17.917,0.543,0.00692,
2022/04/04 07:50,17.772,0.654,0.00827,17.923,0.544,0.00693,
2022/04/04 08:00,17.888,0.65,0.00829,17.931,0.544,0.00694,
2022/04/04 08:10,18.065,0.633,0.00816,17.938,0.545,0.00695,
2022/04/04 08:20,18.248,0.614,0.008,17.942,0.545,0.00696,
2022/04/04 08:30,18.432,0.595,0.00785,17.944,0.545,0.00696,
2022/04/04 08:40,18.615,0.577,0.00769,17.944,0.545,0.00696,
2022/04/04 08:50,18.798,0.559,0.00754,17.944,0.544,0.00695,
2022/04/04 09:00,18.982,0.542,0.00739,17.943,0.544,0.00694,
2022/04/04 09:10,19.06,0.54,0.0074,17.943,0.543,0.00694,
2022/04/04 09:20,19.127,0.54,0.00743,17.947,0.543,0.00694,
2022/04/04 09:30,19.193,0.54,0.00746,17.953,0.543,0.00694,
2022/04/04 09:40,19.26,0.54,0.00749,17.962,0.543,0.00694,
2022/04/04 09:50,19.327,0.54,0.00753,17.973,0.543,0.00695,
2022/04/04 10:00,19.393,0.54,0.00756,17.986,0.543,0.00695,
2022/04/04 10:10,19.445,0.538,0.00756,17.999,0.543,0.00696,
2022/04/04 10:20,19.495,0.537,0.00756,18.013,0.543,0.00697,
2022/04/04 10:30,19.545,0.535,0.00756,18.027,0.543,0.00697,
2022/04/04 10:40,19.595,0.533,0.00756,18.041,0.543,0.00698,
2022/04/04 10:50,19.645,0.532,0.00756,18.057,0.543,0.00699,
2022/04/04 11:00,19.695,0.53,0.00756,18.074,0.543,0.00699,
2022/04/04 11:10,19.775,0.528,0.00757,18.093,0.543,0.007,
2022/04/04 11:20,19.858,0.527,0.00759,18.115,0.543,0.00701,
2022/04/04 11:30,19.942,0.525,0.0076,18.139,0.544,0.00703,
2022/04/04 11:40,20.025,0.523,0.00762,18.165,0.544,0.00704,
2022/04/04 11:50,20.108,0.522,0.00763,18.192,0.544,0.00705,
2022/04/04 12:00,20.192,0.52,0.00765,18.221,0.544,0.00707,
2022/04/04 12:10,20.215,0.522,0.00768,18.251,0.544,0.00708,
2022/04/04 12:20,20.232,0.523,0.00771,18.281,0.544,0.0071,
2022/04/04 12:30,20.248,0.525,0.00775,18.312,0.544,0.00711,
2022/04/04 12:40,20.265,0.527,0.00778,18.343,0.544,0.00713,
2022/04/04 12:50,20.282,0.528,0.00781,18.376,0.545,0.00715,
2022/04/04 13:00,20.298,0.53,0.00785,18.409,0.545,0.00717,
2022/04/04 13:10,20.27,0.53,0.00784,18.441,0.545,0.00718,
2022/04/04 13:20,20.237,0.53,0.00782,18.471,0.545,0.0072,
2022/04/04 13:30,20.203,0.53,0.0078,18.499,0.545,0.00721,
2022/04/04 13:40,20.17,0.53,0.00779,18.527,0.545,0.00723,
2022/04/04 13:50,20.137,0.53,0.00777,18.553,0.546,0.00724,
2022/04/04 14:00,20.103,0.53,0.00775,18.579,0.546,0.00725,
2022/04/04 14:10,20.1,0.532,0.00777,18.606,0.546,0.00727,
2022/04/04 14:20,20.1,0.533,0.0078,18.634,0.546,0.00728,
2022/04/04 14:30,20.1,0.535,0.00782,18.664,0.546,0.0073,
2022/04/04 14:40,20.1,0.537,0.00785,18.694,0.546,0.00731,
2022/04/04 14:50,20.1,0.538,0.00787,18.724,0.546,0.00733,
2022/04/04 15:00,20.1,0.54,0.0079,18.754,0.546,0.00735,
2022/04/04 15:10,20.055,0.541,0.0079,18.783,0.547,0.00736,
2022/04/04 15:20,20.005,0.543,0.0079,18.81,0.547,0.00737,
2022/04/04 15:30,19.955,0.545,0.0079,18.835,0.547,0.00739,
2022/04/04 15:40,19.905,0.546,0.0079,18.858,0.547,0.0074,
2022/04/04 15:50,19.855,0.548,0.0079,18.88,0.547,0.00741,
2022/04/04 16:00,19.805,0.55,0.0079,18.901,0.547,0.00742,
2022/04/04 16:10,19.755,0.551,0.0079,18.922,0.547,0.00743,
2022/04/04 16:20,19.705,0.553,0.0079,18.941,0.547,0.00744,
2022/04/04 16:30,19.655,0.555,0.0079,18.959,0.547,0.00745,
2022/04/04 16:40,19.605,0.556,0.00789,18.976,0.547,0.00746,
2022/04/04 16:50,19.555,0.558,0.00789,18.992,0.547,0.00747,
2022/04/04 17:00,19.505,0.56,0.00789,19.008,0.547,0.00747,
2022/04/04 17:10,19.47,0.563,0.00792,19.023,0.547,0.00748,
2022/04/04 17:20,19.437,0.566,0.00795,19.038,0.547,0.00749,
2022/04/04 17:30,19.403,0.57,0.00798,19.054,0.547,0.0075,
2022/04/04 17:40,19.37,0.573,0.00801,19.069,0.548,0.00751,
2022/04/04 17:50,19.337,0.576,0.00804,19.084,0.548,0.00752,
2022/04/04 18:00,19.303,0.58,0.00807,19.098,0.548,0.00753,
2022/04/04 18:10,19.21,0.589,0.00815,19.111,0.548,0.00754,
2022/04/04 18:20,19.11,0.599,0.00824,19.124,0.548,0.00755,
2022/04/04 18:30,19.01,0.609,0.00833,19.137,0.549,0.00756,
2022/04/04 18:40,18.91,0.619,0.00841,19.15,0.549,0.00757,
2022/04/04 18:50,18.81,0.629,0.0085,19.161,0.55,0.00759,
2022/04/04 19:00,18.71,0.639,0.00858,19.173,0.55,0.0076,
2022/04/04 19:10,18.73,0.638,0.00859,19.184,0.551,0.00761,
2022/04/04 19:20,18.763,0.637,0.00858,19.194,0.552,0.00762,
2022/04/04 19:30,18.797,0.635,0.00858,19.204,0.552,0.00763,
2022/04/04 19:40,18.83,0.633,0.00857,19.213,0.552,0.00764,
2022/04/04 19:50,18.863,0.632,0.00857,19.221,0.553,0.00765,
2022/04/04 20:00,18.897,0.63,0.00856,19.229,0.553,0.00766,
2022/04/04 20:10,18.9,0.627,0.00852,19.235,0.553,0.00767,
2022/04/04 20:20,18.9,0.624,0.00848,19.238,0.553,0.00767,
2022/04/04 20:30,18.9,0.62,0.00843,19.239,0.553,0.00767,
2022/04/04 20:40,18.9,0.617,0.00838,19.237,0.553,0.00767,
2022/04/04 20:50,18.9,0.614,0.00834,19.235,0.553,0.00767,
2022/04/04 21:00,18.9,0.61,0.00829,19.23,0.553,0.00767,
2022/04/04 21:10,18.855,0.616,0.00835,19.226,0.553,0.00766,
2022/04/04 21:20,18.805,0.623,0.00841,19.223,0.553,0.00767,
2022/04/04 21:30,18.755,0.629,0.00847,19.222,0.554,0.00767,
2022/04/04 21:40,18.705,0.636,0.00854,19.22,0.554,0.00767,
2022/04/04 21:50,18.655,0.643,0.0086,19.219,0.555,0.00768,
2022/04/04 22:00,18.605,0.649,0.00867,19.219,0.555,0.00768,
2022/04/04 22:10,18.615,0.65,0.00868,19.218,0.555,0.00769,
2022/04/04 22:20,18.632,0.65,0.00869,19.217,0.556,0.0077,
2022/04/04 22:30,18.648,0.65,0.0087,19.216,0.556,0.0077,
2022/04/04 22:40,18.665,0.65,0.00871,19.214,0.557,0.0077,
2022/04/04 22:50,18.682,0.65,0.00872,19.213,0.557,0.00771,
2022/04/04 23:00,18.698,0.65,0.00873,19.211,0.557,0.00771,
2022/04/04 23:10,18.775,0.648,0.00875,19.211,0.558,0.00772,
2022/04/04 23:20,18.858,0.647,0.00877,19.213,0.558,0.00772,
2022/04/04 23:30,18.942,0.645,0.0088,19.216,0.558,0.00773,
2022/04/04 23:40,19.025,0.643,0.00882,19.22,0.559,0.00774,
2022/04/04 23:50,19.108,0.642,0.00884,19.225,0.559,0.00774,
2022/04/05 00:00,19.192,0.64,0.00887,19.231,0.559,0.00775,
2022/04/05 00:10,19.125,0.639,0.00881,19.234,0.56,0.00776,
2022/04/05 00:20,19.042,0.637,0.00874,19.23,0.56,0.00776,
2022/04/05 00:30,18.958,0.635,0.00867,19.222,0.56,0.00776,
2022/04/05 00:40,18.875,0.634,0.0086,19.211,0.56,0.00775,
2022/04/05 00:50,18.792,0.632,0.00853,19.197,0.56,0.00774,
2022/04/05 01:00,18.708,0.63,0.00846,19.182,0.56,0.00774,
2022/04/05 01:10,18.715,0.632,0.00848,19.168,0.56,0.00773,
2022/04/05 01:20,18.732,0.633,0.00852,19.159,0.56,0.00773,
2022/04/05 01:30,18.748,0.635,0.00855,19.153,0.56,0.00773,
2022/04/05 01:40,18.765,0.637,0.00858,19.149,0.561,0.00773,
2022/04/05 01:50,18.782,0.638,0.00861,19.147,0.561,0.00773,
2022/04/05 02:00,18.798,0.64,0.00864,19.145,0.561,0.00773,
2022/04/05 02:10,18.89,0.637,0.00865,19.145,0.561,0.00774,
2022/04/05 02:20,18.99,0.634,0.00866,19.146,0.562,0.00774,
2022/04/05 02:30,19.09,0.63,0.00867,19.149,0.562,0.00775,
2022/04/05 02:40,19.19,0.627,0.00868,19.152,0.562,0.00775,
2022/04/05 02:50,19.29,0.624,0.00869,19.157,0.562,0.00776,
2022/04/05 03:00,19.39,0.62,0.00869,19.162,0.562,0.00776,
2022/04/05 03:10,19.325,0.624,0.00872,19.166,0.563,0.00777,
2022/04/05 03:20,19.242,0.629,0.00874,19.167,0.563,0.00777,
2022/04/05 03:30,19.158,0.634,0.00876,19.166,0.563,0.00777,
2022/04/05 03:40,19.075,0.639,0.00879,19.164,0.563,0.00777,
2022/04/05 03:50,18.992,0.644,0.00881,19.161,0.564,0.00778,
2022/04/05 04:00,18.908,0.649,0.00884,19.158,0.564,0.00778,
2022/04/05 04:10,18.915,0.652,0.00887,19.156,0.564,0.00779,
2022/04/05 04:20,18.932,0.653,0.0089,19.157,0.565,0.00779,
2022/04/05 04:30,18.948,0.655,0.00893,19.16,0.565,0.0078,
2022/04/05 04:40,18.965,0.657,0.00897,19.163,0.566,0.00781,
2022/04/05 04:50,18.982,0.658,0.009,19.168,0.566,0.00782,
2022/04/05 05:00,18.998,0.66,0.00903,19.173,0.567,0.00783,
2022/04/05 05:10,19.105,0.662,0.00912,19.182,0.567,0.00784,
2022/04/05 05:20,19.222,0.663,0.00921,19.195,0.568,0.00786,
2022/04/05 05:30,19.338,0.665,0.0093,19.211,0.569,0.00787,
2022/04/05 05:40,19.455,0.667,0.00939,19.23,0.569,0.00789,
2022/04/05 05:50,19.572,0.668,0.00949,19.251,0.57,0.00791,
2022/04/05 06:00,19.688,0.67,0.00958,19.274,0.571,0.00794,
2022/04/05 06:10,19.655,0.671,0.00958,19.295,0.572,0.00796,
2022/04/05 06:20,19.605,0.673,0.00958,19.31,0.572,0.00797,
2022/04/05 06:30,19.555,0.675,0.00957,19.32,0.573,0.00799,
2022/04/05 06:40,19.505,0.676,0.00956,19.329,0.573,0.008,
2022/04/05 06:50,19.455,0.678,0.00956,19.336,0.574,0.00801,
2022/04/05 07:00,19.405,0.68,0.00955,19.341,0.575,0.00802,
2022/04/05 07:10,19.49,0.679,0.00958,19.349,0.575,0.00803,
2022/04/05 07:20,19.59,0.677,0.00962,19.361,0.576,0.00805,
2022/04/05 07:30,19.69,0.675,0.00966,19.376,0.576,0.00807,
2022/04/05 07:40,19.79,0.674,0.00969,19.394,0.577,0.00808,
2022/04/05 07:50,19.89,0.672,0.00973,19.412,0.578,0.0081,
2022/04/05 08:00,19.99,0.67,0.00977,19.432,0.578,0.00812,
2022/04/05 08:10,20.135,0.667,0.00981,19.454,0.579,0.00814,
2022/04/05 08:20,20.285,0.664,0.00985,19.478,0.58,0.00816,
2022/04/05 08:30,20.435,0.66,0.00989,19.503,0.58,0.00818,
2022/04/05 08:40,20.585,0.657,0.00994,19.53,0.581,0.00821,
2022/04/05 08:50,20.735,0.654,0.00998,19.559,0.581,0.00823,
2022/04/05 09:00,20.885,0.65,0.01002,19.588,0.582,0.00825,
2022/04/05 09:10,20.99,0.641,0.00994,19.616,0.582,0.00827,
2022/04/05 09:20,21.09,0.631,0.00984,19.639,0.583,0.00829,
2022/04/05 09:30,21.19,0.621,0.00974,19.659,0.583,0.0083,
2022/04/05 09:40,21.29,0.611,0.00964,19.678,0.583,0.00831,
2022/04/05 09:50,21.39,0.601,0.00954,19.695,0.583,0.00832,
2022/04/05 10:00,21.49,0.591,0.00944,19.712,0.583,0.00833,
2022/04/05 10:10,21.5,0.596,0.00953,19.73,0.583,0.00834,
2022/04/05 10:20,21.5,0.603,0.00964,19.753,0.583,0.00835,
2022/04/05 10:30,21.5,0.609,0.00975,19.779,0.583,0.00837,
2022/04/05 10:40,21.5,0.616,0.00985,19.807,0.584,0.00839,
2022/04/05 10:50,21.5,0.623,0.00996,19.838,0.584,0.00842,
2022/04/05 11:00,21.5,0.629,0.01007,19.87,0.585,0.00845,
2022/04/05 11:10,21.56,0.627,0.01007,19.903,0.586,0.00847,
2022/04/05 11:20,21.627,0.624,0.01006,19.935,0.586,0.0085,
2022/04/05 11:30,21.693,0.62,0.01004,19.966,0.587,0.00852,
2022/04/05 11:40,21.76,0.617,0.01003,19.997,0.587,0.00854,
2022/04/05 11:50,21.827,0.614,0.01002,20.028,0.587,0.00856,
2022/04/05 12:00,21.893,0.61,0.01,20.06,0.588,0.00858,
2022/04/05 12:10,21.885,0.611,0.01002,20.091,0.588,0.00861,
2022/04/05 12:20,21.868,0.613,0.01003,20.121,0.588,0.00863,
2022/04/05 12:30,21.852,0.615,0.01005,20.151,0.589,0.00865,
2022/04/05 12:40,21.835,0.616,0.01007,20.181,0.589,0.00867,
2022/04/05 12:50,21.818,0.618,0.01009,20.211,0.589,0.00869,
2022/04/05 13:00,21.802,0.62,0.0101,20.24,0.59,0.00871,
2022/04/05 13:10,21.815,0.62,0.01011,20.27,0.59,0.00873,
2022/04/05 13:20,21.832,0.62,0.01013,20.3,0.59,0.00875,
2022/04/05 13:30,21.848,0.62,0.01014,20.331,0.591,0.00878,
2022/04/05 13:40,21.865,0.62,0.01015,20.361,0.591,0.0088,
2022/04/05 13:50,21.882,0.62,0.01016,20.392,0.591,0.00882,
2022/04/05 14:00,21.898,0.62,0.01017,20.422,0.591,0.00884,
2022/04/05 14:10,21.9,0.618,0.01014,20.452,0.592,0.00886,
2022/04/05 14:20,21.9,0.617,0.01012,20.48,0.592,0.00888,
2022/04/05 14:30,21.9,0.615,0.01009,20.506,0.592,0.00889,
2022/04/05 14:40,21.9,0.613,0.01006,20.531,0.592,0.00891,
2022/04/05 14:50,21.9,0.612,0.01003,20.555,0.592,0.00892,
2022/04/05 15:00,21.9,0.61,0.01,20.579,0.592,0.00893,
2022/04/05 15:10,21.885,0.611,0.01002,20.602,0.592,0.00895,
2022/04/05 15:20,21.868,0.613,0.01003,20.626,0.592,0.00896,
2022/04/05 15:30,21.852,0.615,0.01005,20.649,0.592,0.00898,
2022/04/05 15:40,21.835,0.616,0.01007,20.673,0.592,0.00899,
2022/04/05 15:50,21.818,0.618,0.01009,20.696,0.592,0.00901,
2022/04/05 16:00,21.802,0.62,0.0101,20.72,0.592,0.00902,
2022/04/05 16:10,21.755,0.623,0.01013,20.742,0.592,0.00903,
2022/04/05 16:20,21.705,0.626,0.01015,20.764,0.593,0.00905,
2022/04/05 16:30,21.655,0.63,0.01017,20.784,0.593,0.00906,
2022/04/05 16:40,21.605,0.633,0.0102,20.804,0.593,0.00908,
2022/04/05 16:50,21.555,0.636,0.01022,20.824,0.593,0.00909,
2022/04/05 17:00,21.505,0.64,0.01024,20.843,0.593,0.0091,
2022/04/05 17:10,21.455,0.646,0.01031,20.862,0.593,0.00912,
2022/04/05 17:20,21.405,0.653,0.01039,20.882,0.594,0.00913,
2022/04/05 17:30,21.355,0.659,0.01046,20.903,0.594,0.00915,
2022/04/05 17:40,21.305,0.666,0.01054,20.924,0.594,0.00917,
2022/04/05 17:50,21.255,0.673,0.01061,20.945,0.595,0.00919,
2022/04/05 18:00,21.205,0.679,0.01069,20.966,0.595,0.00921,
2022/04/05 18:10,21.125,0.684,0.01071,20.986,0.596,0.00923,
2022/04/05 18:20,21.042,0.689,0.01074,21.002,0.596,0.00924,
2022/04/05 18:30,20.958,0.694,0.01076,21.017,0.597,0.00926,
2022/04/05 18:40,20.875,0.699,0.01078,21.03,0.597,0.00927,
2022/04/05 18:50,20.792,0.704,0.0108,21.041,0.598,0.00929,
2022/04/05 19:00,20.708,0.709,0.01083,21.051,0.598,0.0093,
2022/04/05 19:10,20.7,0.712,0.01085,21.061,0.599,0.00931,
2022/04/05 19:20,20.7,0.713,0.01088,21.072,0.599,0.00933,
2022/04/05 19:30,20.7,0.715,0.0109,21.083,0.599,0.00934,
2022/04/05 19:40,20.7,0.716,0.01093,21.094,0.6,0.00935,
2022/04/05 19:50,20.7,0.718,0.01096,21.104,0.6,0.00937,
2022/04/05 20:00,20.7,0.72,0.01098,21.114,0.601,0.00938,
2022/04/05 20:10,20.73,0.722,0.01103,21.124,0.601,0.00939,
2022/04/05 20:20,20.763,0.723,0.01108,21.135,0.602,0.0094,
2022/04/05 20:30,20.797,0.725,0.01113,21.147,0.602,0.00942,
2022/04/05 20:40,20.83,0.727,0.01118,21.158,0.603,0.00943,
2022/04/05 20:50,20.863,0.728,0.01123,21.17,0.603,0.00945,
2022/04/05 21:00,20.897,0.73,0.01128,21.181,0.604,0.00946,
2022/04/05 21:10,20.87,0.73,0.01126,21.191,0.604,0.00948,
2022/04/05 21:20,20.837,0.73,0.01124,21.196,0.604,0.00949,
2022/04/05 21:30,20.803,0.73,0.01121,21.199,0.605,0.00949,
2022/04/05 21:40,20.77,0.73,0.01119,21.199,0.605,0.0095,
2022/04/05 21:50,20.737,0.73,0.01117,21.198,0.605,0.0095,
2022/04/05 22:00,20.703,0.73,0.01114,21.196,0.606,0.00951,
2022/04/05 22:10,20.7,0.731,0.01116,21.194,0.606,0.00951,
2022/04/05 22:20,20.7,0.733,0.01119,21.193,0.606,0.00951,
2022/04/05 22:30,20.7,0.735,0.01121,21.193,0.607,0.00952,
2022/04/05 22:40,20.7,0.736,0.01124,21.194,0.607,0.00953,
2022/04/05 22:50,20.7,0.738,0.01127,21.195,0.608,0.00954,
2022/04/05 23:00,20.7,0.74,0.01129,21.195,0.608,0.00954,
2022/04/05 23:10,20.745,0.74,0.01133,21.197,0.609,0.00955,
2022/04/05 23:20,20.795,0.74,0.01136,21.2,0.609,0.00956,
2022/04/05 23:30,20.845,0.74,0.0114,21.205,0.61,0.00957,
2022/04/05 23:40,20.895,0.74,0.01143,21.21,0.61,0.00958,
2022/04/05 23:50,20.945,0.74,0.01147,21.215,0.61,0.00959,
2022/04/06 00:00,20.995,0.74,0.01151,21.221,0.611,0.0096,
2022/04/06 00:10,20.985,0.743,0.01155,21.227,0.611,0.00961,
2022/04/06 00:20,20.968,0.746,0.01159,21.231,0.612,0.00963,
2022/04/06 00:30,20.952,0.75,0.01163,21.235,0.613,0.00964,
2022/04/06 00:40,20.935,0.753,0.01167,21.239,0.613,0.00965,
2022/04/06 00:50,20.918,0.756,0.01171,21.242,0.614,0.00966,
2022/04/06 01:00,20.902,0.76,0.01175,21.246,0.614,0.00967,
2022/04/06 01:10,20.9,0.76,0.01175,21.249,0.615,0.00968,
2022/04/06 01:20,20.9,0.76,0.01175,21.252,0.616,0.0097,
2022/04/06 01:30,20.9,0.76,0.01175,21.254,0.616,0.00971,
2022/04/06 01:40,20.9,0.76,0.01175,21.255,0.617,0.00971,
2022/04/06 01:50,20.9,0.76,0.01175,21.257,0.617,0.00972,
2022/04/06 02:00,20.9,0.76,0.01175,21.258,0.618,0.00973,
2022/04/06 02:10,20.93,0.76,0.01177,21.26,0.618,0.00974,
2022/04/06 02:20,20.963,0.76,0.0118,21.263,0.619,0.00975,
2022/04/06 02:30,20.997,0.76,0.01182,21.267,0.619,0.00976,
2022/04/06 02:40,21.03,0.76,0.01185,21.272,0.62,0.00978,
2022/04/06 02:50,21.063,0.76,0.01187,21.277,0.62,0.00979,
2022/04/06 03:00,21.097,0.76,0.0119,21.283,0.621,0.0098,
2022/04/06 03:10,21.07,0.764,0.01195,21.288,0.622,0.00981,
2022/04/06 03:20,21.037,0.769,0.012,21.293,0.622,0.00983,
2022/04/06 03:30,21.003,0.774,0.01206,21.298,0.623,0.00984,
2022/04/06 03:40,20.97,0.779,0.01211,21.302,0.624,0.00985,
2022/04/06 03:50,20.937,0.784,0.01217,21.307,0.624,0.00987,
2022/04/06 04:00,20.903,0.789,0.01222,21.312,0.625,0.00988,
2022/04/06 04:10,20.915,0.788,0.01221,21.316,0.626,0.0099,
2022/04/06 04:20,20.932,0.787,0.0122,21.32,0.626,0.00991,
2022/04/06 04:30,20.948,0.785,0.01219,21.323,0.627,0.00992,
2022/04/06 04:40,20.965,0.783,0.01217,21.325,0.628,0.00993,
2022/04/06 04:50,20.982,0.782,0.01216,21.327,0.628,0.00994,
2022/04/06 05:00,20.998,0.78,0.01215,21.329,0.629,0.00995,
2022/04/06 05:10,21.045,0.782,0.0122,21.332,0.629,0.00996,
2022/04/06 05:20,21.095,0.783,0.01227,21.338,0.63,0.00998,
2022/04/06 05:30,21.145,0.785,0.01233,21.346,0.631,0.00999,
2022/04/06 05:40,21.195,0.787,0.0124,21.356,0.631,0.01001,
2022/04/06 05:50,21.245,0.788,0.01246,21.367,0.632,0.01003,
2022/04/06 06:00,21.295,0.79,0.01253,21.379,0.633,0.01005,
2022/04/06 06:10,21.27,0.794,0.01258,21.39,0.634,0.01007,
2022/04/06 06:20,21.237,0.799,0.01264,21.4,0.634,0.01009,
2022/04/06 06:30,21.203,0.804,0.01269,21.409,0.635,0.01011,
2022/04/06 06:40,21.17,0.809,0.01275,21.417,0.636,0.01013,
2022/04/06 06:50,21.137,0.814,0.0128,21.424,0.637,0.01015,
2022/04/06 07:00,21.103,0.819,0.01285,21.432,0.638,0.01017,
2022/04/06 07:10,21.115,0.818,0.01285,21.439,0.639,0.01018,
2022/04/06 07:20,21.132,0.817,0.01283,21.446,0.64,0.0102,
2022/04/06 07:30,21.148,0.815,0.01282,21.452,0.64,0.01022,
2022/04/06 07:40,21.165,0.813,0.01281,21.457,0.641,0.01023,
2022/04/06 07:50,21.182,0.812,0.01279,21.462,0.642,0.01025,
2022/04/06 08:00,21.198,0.81,0.01278,21.466,0.642,0.01026,
2022/04/06 08:10,21.335,0.804,0.01279,21.473,0.643,0.01027,
2022/04/06 08:20,21.485,0.797,0.0128,21.483,0.644,0.01029,
2022/04/06 08:30,21.635,0.79,0.01281,21.495,0.644,0.01031,
2022/04/06 08:40,21.785,0.784,0.01282,21.51,0.645,0.01033,
2022/04/06 08:50,21.935,0.777,0.01283,21.525,0.645,0.01034,
2022/04/06 09:00,22.085,0.771,0.01284,21.542,0.646,0.01036,
2022/04/06 09:10,22.145,0.768,0.01285,21.558,0.646,0.01038,
2022/04/06 09:20,22.195,0.767,0.01286,21.573,0.646,0.0104,
2022/04/06 09:30,22.245,0.765,0.01287,21.587,0.647,0.01041,
2022/04/06 09:40,22.295,0.763,0.01288,21.601,0.647,0.01043,
2022/04/06 09:50,22.345,0.762,0.01289,21.614,0.648,0.01044,
2022/04/06 10:00,22.395,0.76,0.0129,21.628,0.648,0.01046,
2022/04/06 10:10,22.43,0.757,0.01288,21.641,0.649,0.01048,
2022/04/06 10:20,22.463,0.754,0.01285,21.653,0.649,0.01049,
2022/04/06 10:30,22.497,0.75,0.01281,21.664,0.649,0.0105,
2022/04/06 10:40,22.53,0.747,0.01278,21.675,0.65,0.01051,
2022/04/06 10:50,22.563,0.744,0.01275,21.685,0.65,0.01052,
2022/04/06 11:00,22.597,0.74,0.01272,21.696,0.65,0.01053,
2022/04/06 11:10,22.63,0.74,0.01274,21.707,0.65,0.01055,
2022/04/06 11:20,22.663,0.74,0.01277,21.721,0.651,0.01056,
2022/04/06 11:30,22.697,0.74,0.01279,21.735,0.651,0.01057,
2022/04/06 11:40,22.73,0.74,0.01282,21.751,0.651,0.01059,
2022/04/06 11:50,22.763,0.74,0.01285,21.768,0.652,0.01061,
2022/04/06 12:00,22.797,0.74,0.01287,21.786,0.652,0.01063,
2022/04/06 12:10,22.8,0.742,0.0129,21.803,0.652,0.01064,
2022/04/06 12:20,22.8,0.743,0.01293,21.821,0.653,0.01066,
2022/04/06 12:30,22.8,0.745,0.01296,21.839,0.653,0.01068,
2022/04/06 12:40,22.8,0.746,0.01299,21.857,0.653,0.0107,
2022/04/06 12:50,22.8,0.748,0.01302,21.875,0.654,0.01072,
2022/04/06 13:00,22.8,0.75,0.01305,21.893,0.654,0.01073,
2022/04/06 13:10,22.8,0.75,0.01305,21.911,0.655,0.01075,
2022/04/06 13:20,22.8,0.75,0.01305,21.929,0.655,0.01077,
2022/04/06 13:30,22.8,0.75,0.01305,21.946,0.655,0.01079,
2022/04/06 13:40,22.8,0.75,0.01305,21.963,0.656,0.01081,
2022/04/06 13:50,22.8,0.75,0.01305,21.98,0.656,0.01082,
2022/04/06 14:00,22.8,0.75,0.01305,21.997,0.656,0.01084,
2022/04/06 14:10,22.77,0.75,0.01303,22.013,0.657,0.01085,
2022/04/06 14:20,22.737,0.75,0.013,22.027,0.657,0.01087,
2022/04/06 14:30,22.703,0.75,0.01297,22.04,0.657,0.01088,
2022/04/06 14:40,22.67,0.75,0.01295,22.051,0.657,0.01089,
2022/04/06 14:50,22.637,0.75,0.01292,22.062,0.657,0.0109,
2022/04/06 15:00,22.603,0.75,0.01289,22.072,0.657,0.01091,
2022/04/06 15:10,22.585,0.753,0.01293,22.083,0.657,0.01092,
2022/04/06 15:20,22.568,0.756,0.01298,22.095,0.658,0.01093,
2022/04/06 15:30,22.552,0.76,0.01302,22.109,0.658,0.01094,
2022/04/06 15:40,22.535,0.763,0.01307,22.124,0.658,0.01096,
2022/04/06 15:50,22.518,0.766,0.01311,22.139,0.659,0.01097,
2022/04/06 16:00,22.502,0.77,0.01316,22.154,0.659,0.01099,
2022/04/06 16:10,22.455,0.771,0.01315,22.168,0.659,0.011,
2022/04/06 16:20,22.405,0.773,0.01314,22.179,0.659,0.01101,
2022/04/06 16:30,22.355,0.775,0.01313,22.188,0.66,0.01102,
2022/04/06 16:40,22.305,0.776,0.01311,22.196,0.66,0.01103,
2022/04/06 16:50,22.255,0.778,0.0131,22.203,0.66,0.01104,
2022/04/06 17:00,22.205,0.78,0.01309,22.209,0.66,0.01105,
2022/04/06 17:10,22.185,0.783,0.01313,22.216,0.66,0.01105,
2022/04/06 17:20,22.168,0.786,0.01317,22.224,0.661,0.01106,
2022/04/06 17:30,22.152,0.79,0.01321,22.233,0.661,0.01108,
2022/04/06 17:40,22.135,0.793,0.01326,22.242,0.661,0.01109,
2022/04/06 17:50,22.118,0.796,0.0133,22.252,0.661,0.0111,
2022/04/06 18:00,22.102,0.8,0.01334,22.262,0.662,0.01111,
2022/04/06 18:10,22.04,0.804,0.01337,22.271,0.662,0.01113,
2022/04/06 18:20,21.973,0.809,0.0134,22.278,0.663,0.01114,
2022/04/06 18:30,21.907,0.814,0.01343,22.284,0.663,0.01115,
2022/04/06 18:40,21.84,0.819,0.01346,22.289,0.663,0.01116,
2022/04/06 18:50,21.773,0.824,0.01349,22.293,0.664,0.01117,
2022/04/06 19:00,21.707,0.829,0.01352,22.296,0.664,0.01117,
2022/04/06 19:10,21.715,0.828,0.01351,22.299,0.664,0.01118,
2022/04/06 19:20,21.732,0.827,0.01349,22.302,0.665,0.01119,
2022/04/06 19:30,21.748,0.825,0.01348,22.305,0.665,0.0112,
2022/04/06 19:40,21.765,0.823,0.01346,22.308,0.665,0.01121,
2022/04/06 19:50,21.782,0.822,0.01345,22.31,0.666,0.01121,
2022/04/06 20:00,21.798,0.82,0.01344,22.312,0.666,0.01122,
2022/04/06 20:10,21.8,0.824,0.01351,22.315,0.666,0.01122,
2022/04/06 20:20,21.8,0.83,0.01359,22.319,0.666,0.01123,
2022/04/06 20:30,21.8,0.834,0.01368,22.325,0.667,0.01124,
2022/04/06 20:40,21.8,0.84,0.01376,22.332,0.667,0.01126,
2022/04/06 20:50,21.8,0.844,0.01385,22.34,0.668,0.01127,
2022/04/06 21:00,21.8,0.849,0.01393,22.349,0.669,0.01129,
2022/04/06 21:10,21.785,0.85,0.01392,22.356,0.669,0.0113,
2022/04/06 21:20,21.768,0.85,0.01391,22.36,0.67,0.01131,
2022/04/06 21:30,21.752,0.85,0.0139,22.361,0.67,0.01132,
2022/04/06 21:40,21.735,0.85,0.01388,22.362,0.67,0.01133,
2022/04/06 21:50,21.718,0.85,0.01387,22.361,0.671,0.01133,
2022/04/06 22:00,21.702,0.85,0.01385,22.359,0.671,0.01134,
2022/04/06 22:10,21.715,0.85,0.01386,22.358,0.671,0.01135,
2022/04/06 22:20,21.732,0.85,0.01388,22.358,0.672,0.01135,
2022/04/06 22:30,21.748,0.85,0.01389,22.358,0.672,0.01136,
2022/04/06 22:40,21.765,0.85,0.01391,22.359,0.673,0.01137,
2022/04/06 22:50,21.782,0.85,0.01392,22.36,0.673,0.01137,
2022/04/06 23:00,21.798,0.85,0.01394,22.361,0.674,0.01138,
2022/04/06 23:10,21.785,0.849,0.0139,22.361,0.674,0.01139,
2022/04/06 23:20,21.768,0.847,0.01386,22.359,0.674,0.01139,
2022/04/06 23:30,21.752,0.845,0.01382,22.354,0.674,0.01139,
2022/04/06 23:40,21.735,0.844,0.01377,22.348,0.675,0.01139,
2022/04/06 23:50,21.718,0.842,0.01373,22.341,0.675,0.01139,
2022/04/07 00:00,21.702,0.84,0.01369,22.333,0.675,0.01139,
2022/04/07 00:10,21.685,0.836,0.0136,22.324,0.675,0.01138,
2022/04/07 00:20,21.668,0.831,0.0135,22.312,0.675,0.01137,
2022/04/07 00:30,21.652,0.826,0.0134,22.298,0.675,0.01136,
2022/04/07 00:40,21.635,0.821,0.01331,22.283,0.675,0.01135,
2022/04/07 00:50,21.618,0.816,0.01321,22.267,0.675,0.01133,
2022/04/07 01:00,21.602,0.811,0.01311,22.249,0.674,0.01132,
2022/04/07 01:10,21.6,0.812,0.01313,22.232,0.674,0.0113,
2022/04/07 01:20,21.6,0.813,0.01316,22.219,0.674,0.01129,
2022/04/07 01:30,21.6,0.815,0.01318,22.208,0.674,0.01128,
2022/04/07 01:40,21.6,0.817,0.01321,22.198,0.674,0.01128,
2022/04/07 01:50,21.6,0.818,0.01324,22.189,0.674,0.01127,
2022/04/07 02:00,21.6,0.82,0.01327,22.181,0.674,0.01126,
2022/04/07 02:10,21.585,0.821,0.01328,22.173,0.674,0.01126,
2022/04/07 02:20,21.568,0.823,0.01329,22.164,0.674,0.01126,
2022/04/07 02:30,21.552,0.825,0.01331,22.155,0.674,0.01125,
2022/04/07 02:40,21.535,0.826,0.01332,22.146,0.674,0.01125,
2022/04/07 02:50,21.518,0.828,0.01334,22.137,0.674,0.01124,
2022/04/07 03:00,21.502,0.83,0.01335,22.129,0.675,0.01124,
2022/04/07 03:10,21.485,0.831,0.01336,22.12,0.675,0.01123,
2022/04/07 03:20,21.468,0.833,0.01338,22.112,0.675,0.01123,
2022/04/07 03:30,21.452,0.835,0.01339,22.104,0.675,0.01123,
2022/04/07 03:40,21.435,0.836,0.0134,22.096,0.675,0.01123,
2022/04/07 03:50,21.418,0.838,0.01342,22.089,0.675,0.01122,
2022/04/07 04:00,21.402,0.84,0.01343,22.082,0.676,0.01122,
2022/04/07 04:10,21.4,0.839,0.01341,22.074,0.676,0.01122,
2022/04/07 04:20,21.4,0.837,0.01338,22.066,0.676,0.01122,
2022/04/07 04:30,21.4,0.835,0.01335,22.058,0.676,0.01121,
2022/04/07 04:40,21.4,0.834,0.01332,22.049,0.676,0.01121,
2022/04/07 04:50,21.4,0.832,0.0133,22.04,0.676,0.0112,
2022/04/07 05:00,21.4,0.83,0.01327,22.031,0.676,0.0112,
2022/04/07 05:10,21.4,0.834,0.01334,22.024,0.676,0.01119,
2022/04/07 05:20,21.4,0.839,0.01342,22.019,0.677,0.0112,
2022/04/07 05:30,21.4,0.844,0.0135,22.017,0.677,0.0112,
2022/04/07 05:40,21.4,0.85,0.01359,22.017,0.677,0.01121,
2022/04/07 05:50,21.4,0.854,0.01367,22.018,0.678,0.01122,
2022/04/07 06:00,21.4,0.86,0.01375,22.019,0.678,0.01123,
2022/04/07 06:10,21.385,0.857,0.0137,22.02,0.679,0.01123,
2022/04/07 06:20,21.368,0.854,0.01363,22.016,0.679,0.01124,
2022/04/07 06:30,21.352,0.85,0.01356,22.009,0.679,0.01123,
2022/04/07 06:40,21.335,0.847,0.01349,22.0,0.679,0.01123,
2022/04/07 06:50,21.318,0.844,0.01342,21.99,0.679,0.01122,
2022/04/07 07:00,21.302,0.84,0.01335,21.978,0.679,0.01122,
2022/04/07 07:10,21.33,0.838,0.01335,21.968,0.68,0.01121,
2022/04/07 07:20,21.363,0.837,0.01335,21.96,0.68,0.01121,
2022/04/07 07:30,21.397,0.835,0.01335,21.954,0.68,0.0112,
2022/04/07 07:40,21.43,0.833,0.01335,21.949,0.68,0.0112,
2022/04/07 07:50,21.463,0.832,0.01335,21.944,0.68,0.0112,
2022/04/07 08:00,21.497,0.83,0.01335,21.94,0.68,0.0112,
2022/04/07 08:10,21.575,0.827,0.01336,21.938,0.68,0.0112,
2022/04/07 08:20,21.658,0.824,0.01338,21.937,0.68,0.0112,
2022/04/07 08:30,21.742,0.82,0.01339,21.938,0.68,0.0112,
2022/04/07 08:40,21.825,0.817,0.01341,21.94,0.681,0.01121,
2022/04/07 08:50,21.908,0.814,0.01342,21.942,0.681,0.01121,
2022/04/07 09:00,21.992,0.81,0.01343,21.946,0.681,0.01121,
2022/04/07 09:10,22.045,0.804,0.01337,21.948,0.681,0.01122,
2022/04/07 09:20,22.095,0.797,0.0133,21.948,0.681,0.01121,
2022/04/07 09:30,22.145,0.791,0.01322,21.946,0.68,0.01121,
2022/04/07 09:40,22.195,0.784,0.01315,21.943,0.68,0.0112,
2022/04/07 09:50,22.245,0.777,0.01308,21.94,0.68,0.0112,
2022/04/07 10:00,22.295,0.771,0.01301,21.936,0.68,0.01119,
2022/04/07 10:10,22.345,0.765,0.01296,21.932,0.679,0.01118,
2022/04/07 10:20,22.395,0.76,0.01291,21.93,0.679,0.01117,
2022/04/07 10:30,22.445,0.755,0.01286,21.927,0.679,0.01117,
2022/04/07 10:40,22.495,0.75,0.01281,21.926,0.678,0.01116,
2022/04/07 10:50,22.545,0.745,0.01277,21.925,0.678,0.01115,
2022/04/07 11:00,22.595,0.74,0.01272,21.924,0.678,0.01115,
2022/04/07 11:10,22.63,0.745,0.01282,21.925,0.677,0.01114,
2022/04/07 11:20,22.663,0.75,0.01293,21.932,0.677,0.01115,
2022/04/07 11:30,22.697,0.755,0.01305,21.942,0.677,0.01115,
2022/04/07 11:40,22.73,0.76,0.01316,21.956,0.677,0.01116,
2022/04/07 11:50,22.763,0.765,0.01328,21.972,0.678,0.01118,
2022/04/07 12:00,22.797,0.77,0.0134,21.989,0.678,0.0112,
2022/04/07 12:10,22.83,0.77,0.01343,22.008,0.678,0.01121,
2022/04/07 12:20,22.863,0.77,0.01346,22.025,0.678,0.01123,
2022/04/07 12:30,22.897,0.77,0.01349,22.042,0.679,0.01125,
2022/04/07 12:40,22.93,0.77,0.01352,22.059,0.679,0.01126,
2022/04/07 12:50,22.963,0.77,0.01354,22.077,0.679,0.01128,
2022/04/07 13:00,22.997,0.77,0.01357,22.095,0.679,0.01129,
2022/04/07 13:10,22.985,0.771,0.01359,22.113,0.68,0.01131,
2022/04/07 13:20,22.968,0.773,0.0136,22.13,0.68,0.01133,
2022/04/07 13:30,22.952,0.775,0.01362,22.147,0.68,0.01134,
2022/04/07 13:40,22.935,0.776,0.01364,22.164,0.68,0.01136,
2022/04/07 13:50,22.918,0.778,0.01365,22.18,0.681,0.01138,
2022/04/07 14:00,22.902,0.78,0.01367,22.197,0.681,0.01139,
2022/04/07 14:10,22.885,0.783,0.01371,22.214,0.681,0.01141,
2022/04/07 14:20,22.868,0.786,0.01376,22.232,0.681,0.01143,
2022/04/07 14:30,22.852,0.79,0.0138,22.251,0.682,0.01145,
2022/04/07 14:40,22.835,0.793,0.01385,22.27,0.682,0.01147,
2022/04/07 14:50,22.818,0.796,0.01389,22.289,0.683,0.01149,
2022/04/07 15:00,22.802,0.8,0.01394,22.309,0.683,0.01151,
2022/04/07 15:10,22.785,0.801,0.01395,22.328,0.683,0.01153,
2022/04/07 15:20,22.768,0.803,0.01397,22.346,0.684,0.01155,
2022/04/07 15:30,22.752,0.805,0.01399,22.363,0.684,0.01157,
2022/04/07 15:40,22.735,0.806,0.014,22.38,0.684,0.01158,
2022/04/07 15:50,22.718,0.808,0.01402,22.396,0.685,0.0116,
2022/04/07 16:00,22.702,0.81,0.01403,22.412,0.685,0.01162,
2022/04/07 16:10,22.61,0.816,0.01406,22.426,0.685,0.01164,
2022/04/07 16:20,22.51,0.822,0.01409,22.439,0.686,0.01165,
2022/04/07 16:30,22.41,0.829,0.01411,22.449,0.686,0.01167,
2022/04/07 16:40,22.31,0.836,0.01414,22.459,0.687,0.01168,
2022/04/07 16:50,22.21,0.843,0.01417,22.467,0.687,0.01169,
2022/04/07 17:00,22.11,0.849,0.0142,22.474,0.688,0.01171,
2022/04/07 17:10,22.1,0.85,0.0142,22.482,0.688,0.01172,
2022/04/07 17:20,22.1,0.85,0.0142,22.49,0.688,0.01173,
2022/04/07 17:30,22.1,0.85,0.0142,22.498,0.689,0.01174,
2022/04/07 17:40,22.1,0.85,0.0142,22.505,0.689,0.01176,
2022/04/07 17:50,22.1,0.85,0.0142,22.513,0.689,0.01177,
2022/04/07 18:00,22.1,0.85,0.0142,22.519,0.69,0.01178,
2022/04/07 18:10,22.04,0.853,0.0142,22.525,0.69,0.01179,
2022/04/07 18:20,21.973,0.856,0.0142,22.528,0.69,0.01179,
2022/04/07 18:30,21.907,0.86,0.01419,22.529,0.691,0.0118,
2022/04/07 18:40,21.84,0.863,0.01419,22.529,0.691,0.0118,
2022/04/07 18:50,21.773,0.866,0.01419,22.527,0.691,0.01181,
2022/04/07 19:00,21.707,0.87,0.01418,22.524,0.691,0.01181,
2022/04/07 19:10,21.685,0.871,0.0142,22.521,0.692,0.01181,
2022/04/07 19:20,21.668,0.873,0.01421,22.519,0.692,0.01181,
2022/04/07 19:30,21.652,0.875,0.01422,22.517,0.692,0.01182,
2022/04/07 19:40,21.635,0.876,0.01423,22.515,0.693,0.01182,
2022/04/07 19:50,21.618,0.878,0.01425,22.513,0.693,0.01183,
2022/04/07 20:00,21.602,0.88,0.01426,22.51,0.693,0.01183,
2022/04/07 20:10,21.54,0.884,0.01428,22.507,0.693,0.01183,
2022/04/07 20:20,21.473,0.889,0.0143,22.502,0.694,0.01183,
2022/04/07 20:30,21.407,0.894,0.01433,22.496,0.694,0.01183,
2022/04/07 20:40,21.34,0.899,0.01435,22.489,0.694,0.01184,
2022/04/07 20:50,21.273,0.904,0.01437,22.481,0.695,0.01184,
2022/04/07 21:00,21.207,0.909,0.01439,22.473,0.695,0.01184,
2022/04/07 21:10,21.17,0.91,0.01437,22.464,0.696,0.01184,
2022/04/07 21:20,21.137,0.91,0.01434,22.453,0.696,0.01184,
2022/04/07 21:30,21.103,0.91,0.01431,22.442,0.696,0.01183,
2022/04/07 21:40,21.07,0.91,0.01428,22.429,0.696,0.01183,
2022/04/07 21:50,21.037,0.91,0.01425,22.415,0.697,0.01182,
2022/04/07 22:00,21.003,0.91,0.01422,22.401,0.697,0.01181,
2022/04/07 22:10,21.0,0.91,0.01421,22.386,0.697,0.01181,
2022/04/07 22:20,21.0,0.91,0.01421,22.373,0.697,0.0118,
2022/04/07 22:30,21.0,0.91,0.01421,22.36,0.698,0.0118,
2022/04/07 22:40,21.0,0.91,0.01421,22.348,0.698,0.01179,
2022/04/07 22:50,21.0,0.91,0.01421,22.335,0.698,0.01179,
2022/04/07 23:00,21.0,0.91,0.01421,22.323,0.698,0.01178,
2022/04/07 23:10,21.03,0.908,0.01422,22.31,0.699,0.01178,
2022/04/07 23:20,21.063,0.907,0.01422,22.299,0.699,0.01177,
2022/04/07 23:30,21.097,0.905,0.01422,22.288,0.699,0.01177,
2022/04/07 23:40,21.13,0.903,0.01423,22.277,0.699,0.01176,
2022/04/07 23:50,21.163,0.902,0.01423,22.266,0.699,0.01176,
2022/04/08 00:00,21.197,0.9,0.01423,22.256,0.7,0.01176,
2022/04/08 00:10,21.17,0.901,0.01423,22.245,0.7,0.01175,
2022/04/08 00:20,21.137,0.903,0.01423,22.232,0.7,0.01175,
2022/04/08 00:30,21.103,0.905,0.01422,22.218,0.7,0.01174,
2022/04/08 00:40,21.07,0.906,0.01422,22.204,0.701,0.01173,
2022/04/08 00:50,21.037,0.908,0.01422,22.189,0.701,0.01173,
2022/04/08 01:00,21.003,0.91,0.01421,22.174,0.701,0.01172,
2022/04/08 01:10,20.985,0.91,0.0142,22.159,0.701,0.01171,
2022/04/08 01:20,20.968,0.91,0.01419,22.144,0.702,0.01171,
2022/04/08 01:30,20.952,0.91,0.01417,22.128,0.702,0.0117,
2022/04/08 01:40,20.935,0.91,0.01416,22.113,0.702,0.01169,
2022/04/08 01:50,20.918,0.91,0.01414,22.097,0.702,0.01169,
2022/04/08 02:00,20.902,0.91,0.01413,22.081,0.703,0.01168,
2022/04/08 02:10,20.945,0.912,0.01419,22.068,0.703,0.01167,
2022/04/08 02:20,20.995,0.913,0.01426,22.058,0.703,0.01167,
2022/04/08 02:30,21.045,0.915,0.01433,22.052,0.704,0.01168,
2022/04/08 02:40,21.095,0.917,0.0144,22.048,0.704,0.01168,
2022/04/08 02:50,21.145,0.918,0.01448,22.045,0.705,0.01169,
2022/04/08 03:00,21.195,0.92,0.01455,22.044,0.705,0.0117,
2022/04/08 03:10,21.155,0.923,0.01456,22.041,0.706,0.01171,
2022/04/08 03:20,21.105,0.926,0.01457,22.036,0.706,0.01171,
2022/04/08 03:30,21.055,0.93,0.01458,22.028,0.707,0.01171,
2022/04/08 03:40,21.005,0.933,0.01459,22.019,0.707,0.01172,
2022/04/08 03:50,20.955,0.936,0.01459,22.009,0.708,0.01172,
2022/04/08 04:00,20.905,0.94,0.0146,21.999,0.709,0.01172,
2022/04/08 04:10,20.915,0.938,0.01459,21.989,0.709,0.01172,
2022/04/08 04:20,20.932,0.937,0.01458,21.98,0.71,0.01172,
2022/04/08 04:30,20.948,0.935,0.01457,21.971,0.71,0.01172,
2022/04/08 04:40,20.965,0.933,0.01456,21.963,0.711,0.01173,
2022/04/08 04:50,20.982,0.932,0.01455,21.955,0.711,0.01173,
2022/04/08 05:00,20.998,0.93,0.01453,21.947,0.711,0.01173,
2022/04/08 05:10,21.045,0.928,0.01455,21.941,0.712,0.01173,
2022/04/08 05:20,21.095,0.927,0.01457,21.936,0.712,0.01174,
2022/04/08 05:30,21.145,0.925,0.01459,21.932,0.713,0.01174,
2022/04/08 05:40,21.195,0.923,0.01461,21.929,0.713,0.01175,
2022/04/08 05:50,21.245,0.922,0.01463,21.927,0.714,0.01175,
2022/04/08 06:00,21.295,0.92,0.01465,21.926,0.714,0.01176,
2022/04/08 06:10,21.27,0.92,0.01462,21.923,0.715,0.01177,
2022/04/08 06:20,21.237,0.92,0.01459,21.917,0.715,0.01177,
2022/04/08 06:30,21.203,0.92,0.01456,21.909,0.715,0.01177,
2022/04/08 06:40,21.17,0.92,0.01453,21.9,0.716,0.01177,
2022/04/08 06:50,21.137,0.92,0.0145,21.89,0.716,0.01176,
2022/04/08 07:00,21.103,0.92,0.01447,21.879,0.716,0.01176,
2022/04/08 07:10,21.25,0.909,0.01443,21.87,0.717,0.01176,
2022/04/08 07:20,21.417,0.897,0.01438,21.865,0.717,0.01176,
2022/04/08 07:30,21.583,0.885,0.01434,21.863,0.717,0.01176,
2022/04/08 07:40,21.75,0.874,0.01429,21.862,0.717,0.01176,
2022/04/08 07:50,21.917,0.862,0.01425,21.864,0.717,0.01176,
2022/04/08 08:00,22.083,0.851,0.01421,21.866,0.717,0.01176,
2022/04/08 08:10,22.22,0.844,0.0142,21.869,0.717,0.01176,
2022/04/08 08:20,22.353,0.837,0.0142,21.874,0.717,0.01177,
2022/04/08 08:30,22.487,0.83,0.0142,21.88,0.717,0.01177,
2022/04/08 08:40,22.62,0.824,0.01421,21.887,0.717,0.01177,
2022/04/08 08:50,22.753,0.817,0.01421,21.896,0.716,0.01178,
2022/04/08 09:00,22.887,0.811,0.01421,21.905,0.716,0.01178,
2022/04/08 09:10,23.02,0.809,0.01429,21.917,0.716,0.01179,
2022/04/08 09:20,23.153,0.807,0.01438,21.933,0.716,0.0118,
2022/04/08 09:30,23.287,0.805,0.01446,21.952,0.717,0.01182,
2022/04/08 09:40,23.42,0.804,0.01455,21.974,0.717,0.01184,
2022/04/08 09:50,23.553,0.802,0.01464,21.999,0.717,0.01186,
2022/04/08 10:00,23.687,0.8,0.01473,22.025,0.717,0.01189,
2022/04/08 10:10,23.745,0.795,0.01469,22.051,0.718,0.01191,
2022/04/08 10:20,23.795,0.79,0.01464,22.073,0.718,0.01193,
2022/04/08 10:30,23.845,0.785,0.01459,22.092,0.718,0.01194,
2022/04/08 10:40,23.895,0.78,0.01454,22.11,0.718,0.01196,
2022/04/08 10:50,23.945,0.775,0.01449,22.128,0.718,0.01197,
2022/04/08 11:00,23.995,0.77,0.01444,22.145,0.718,0.01198,
2022/04/08 11:10,23.955,0.771,0.01443,22.162,0.718,0.01199,
2022/04/08 11:20,23.905,0.773,0.01441,22.178,0.718,0.012,
2022/04/08 11:30,23.855,0.775,0.0144,22.194,0.718,0.01202,
2022/04/08 11:40,23.805,0.776,0.01439,22.21,0.718,0.01203,
2022/04/08 11:50,23.755,0.778,0.01438,22.225,0.718,0.01204,
2022/04/08 12:00,23.705,0.78,0.01436,22.24,0.718,0.01205,
2022/04/08 12:10,23.745,0.782,0.01443,22.258,0.718,0.01207,
2022/04/08 12:20,23.795,0.783,0.01451,22.281,0.718,0.01209,
2022/04/08 12:30,23.845,0.785,0.01458,22.307,0.718,0.01211,
2022/04/08 12:40,23.895,0.787,0.01466,22.336,0.718,0.01214,
2022/04/08 12:50,23.945,0.788,0.01474,22.366,0.719,0.01217,
2022/04/08 13:00,23.995,0.79,0.01481,22.398,0.719,0.0122,
2022/04/08 13:10,23.955,0.791,0.01481,22.429,0.719,0.01222,
2022/04/08 13:20,23.905,0.793,0.0148,22.455,0.719,0.01225,
2022/04/08 13:30,23.855,0.795,0.01478,22.479,0.72,0.01227,
2022/04/08 13:40,23.805,0.796,0.01477,22.501,0.72,0.01228,
2022/04/08 13:50,23.755,0.798,0.01475,22.522,0.72,0.0123,
2022/04/08 14:00,23.705,0.8,0.01474,22.541,0.72,0.01232,
2022/04/08 14:10,23.655,0.801,0.01473,22.56,0.72,0.01233,
2022/04/08 14:20,23.605,0.803,0.01471,22.579,0.72,0.01235,
2022/04/08 14:30,23.555,0.805,0.0147,22.596,0.72,0.01236,
2022/04/08 14:40,23.505,0.806,0.01468,22.613,0.72,0.01238,
2022/04/08 14:50,23.455,0.808,0.01467,22.63,0.72,0.01239,
2022/04/08 15:00,23.405,0.81,0.01466,22.646,0.72,0.0124,
2022/04/08 15:10,23.4,0.812,0.01468,22.662,0.72,0.01241,
2022/04/08 15:20,23.4,0.813,0.01471,22.681,0.72,0.01243,
2022/04/08 15:30,23.4,0.815,0.01474,22.7,0.72,0.01244,
2022/04/08 15:40,23.4,0.816,0.01477,22.72,0.72,0.01246,
2022/04/08 15:50,23.4,0.818,0.0148,22.74,0.72,0.01248,
2022/04/08 16:00,23.4,0.82,0.01484,22.76,0.72,0.01249,
2022/04/08 16:10,23.34,0.824,0.01487,22.779,0.72,0.01251,
2022/04/08 16:20,23.273,0.829,0.0149,22.796,0.72,0.01252,
2022/04/08 16:30,23.207,0.834,0.01493,22.812,0.721,0.01254,
2022/04/08 16:40,23.14,0.839,0.01496,22.827,0.721,0.01255,
2022/04/08 16:50,23.073,0.844,0.01499,22.842,0.721,0.01257,
2022/04/08 17:00,23.007,0.849,0.01502,22.855,0.721,0.01258,
2022/04/08 17:10,22.925,0.852,0.01498,22.866,0.721,0.01259,
2022/04/08 17:20,22.842,0.853,0.01493,22.874,0.721,0.0126,
2022/04/08 17:30,22.758,0.855,0.01488,22.879,0.721,0.0126,
2022/04/08 17:40,22.675,0.857,0.01483,22.883,0.721,0.0126,
2022/04/08 17:50,22.592,0.858,0.01479,22.884,0.721,0.0126,
2022/04/08 18:00,22.508,0.86,0.01474,22.884,0.721,0.0126,
2022/04/08 18:10,22.44,0.863,0.01473,22.883,0.721,0.0126,
2022/04/08 18:20,22.373,0.866,0.01473,22.883,0.721,0.0126,
2022/04/08 18:30,22.307,0.87,0.01472,22.882,0.721,0.01259,
2022/04/08 18:40,22.24,0.873,0.01472,22.881,0.721,0.01259,
2022/04/08 18:50,22.173,0.876,0.01472,22.879,0.721,0.01259,
2022/04/08 19:00,22.107,0.88,0.01471,22.876,0.72,0.01259,
2022/04/08 19:10,22.1,0.882,0.01474,22.874,0.72,0.01258,
2022/04/08 19:20,22.1,0.883,0.01477,22.873,0.72,0.01258,
2022/04/08 19:30,22.1,0.885,0.0148,22.873,0.72,0.01258,
2022/04/08 19:40,22.1,0.886,0.01483,22.874,0.72,0.01258,
2022/04/08 19:50,22.1,0.888,0.01485,22.875,0.72,0.01259,
2022/04/08 20:00,22.1,0.89,0.01488,22.875,0.721,0.01259,
2022/04/08 20:10,22.04,0.894,0.01491,22.875,0.721,0.01259,
2022/04/08 20:20,21.973,0.899,0.01493,22.872,0.721,0.01259,
2022/04/08 20:30,21.907,0.904,0.01495,22.868,0.721,0.01258,
2022/04/08 20:40,21.84,0.909,0.01497,22.863,0.721,0.01258,
2022/04/08 20:50,21.773,0.914,0.01499,22.857,0.721,0.01258,
2022/04/08 21:00,21.707,0.919,0.01502,22.851,0.721,0.01258,
2022/04/08 21:10,21.67,0.921,0.01502,22.844,0.721,0.01257,
2022/04/08 21:20,21.637,0.923,0.01501,22.836,0.721,0.01257,
2022/04/08 21:30,21.603,0.925,0.01501,22.828,0.722,0.01257,
2022/04/08 21:40,21.57,0.926,0.01501,22.819,0.722,0.01256,
2022/04/08 21:50,21.537,0.928,0.015,22.81,0.722,0.01256,
2022/04/08 22:00,21.503,0.93,0.015,22.8,0.722,0.01255,
2022/04/08 22:10,21.485,0.931,0.01501,22.79,0.722,0.01255,
2022/04/08 22:20,21.468,0.933,0.01502,22.781,0.722,0.01255,
2022/04/08 22:30,21.452,0.935,0.01503,22.772,0.722,0.01254,
2022/04/08 22:40,21.435,0.936,0.01504,22.762,0.723,0.01254,
2022/04/08 22:50,21.418,0.938,0.01505,22.753,0.723,0.01253,
2022/04/08 23:00,21.402,0.94,0.01507,22.743,0.723,0.01253,
2022/04/08 23:10,21.4,0.941,0.01509,22.734,0.723,0.01253,
2022/04/08 23:20,21.4,0.943,0.01512,22.725,0.724,0.01252,
2022/04/08 23:30,21.4,0.945,0.01515,22.717,0.724,0.01252,
2022/04/08 23:40,21.4,0.946,0.01517,22.709,0.724,0.01252,
2022/04/08 23:50,21.4,0.948,0.0152,22.701,0.724,0.01252,
2022/04/09 00:00,21.4,0.95,0.01523,22.693,0.725,0.01252,
2022/04/09 00:10,21.37,0.951,0.01523,22.684,0.725,0.01252,
2022/04/09 00:20,21.337,0.953,0.01522,22.674,0.725,0.01252,
2022/04/09 00:30,21.303,0.955,0.01522,22.662,0.726,0.01251,
2022/04/09 00:40,21.27,0.956,0.01521,22.65,0.726,0.01251,
2022/04/09 00:50,21.237,0.958,0.01521,22.637,0.726,0.0125,
2022/04/09 01:00,21.203,0.96,0.0152,22.623,0.727,0.0125,
2022/04/09 01:10,21.185,0.96,0.01519,22.609,0.727,0.01249,
2022/04/09 01:20,21.168,0.96,0.01517,22.595,0.727,0.01249,
2022/04/09 01:30,21.152,0.96,0.01516,22.581,0.727,0.01248,
2022/04/09 01:40,21.135,0.96,0.01514,22.566,0.728,0.01247,
2022/04/09 01:50,21.118,0.96,0.01513,22.551,0.728,0.01247,
2022/04/09 02:00,21.102,0.96,0.01511,22.536,0.728,0.01246,
2022/04/09 02:10,21.16,0.957,0.01512,22.522,0.728,0.01245,
2022/04/09 02:20,21.227,0.954,0.01513,22.51,0.729,0.01245,
2022/04/09 02:30,21.293,0.95,0.01513,22.5,0.729,0.01244,
2022/04/09 02:40,21.36,0.947,0.01514,22.491,0.729,0.01244,
2022/04/09 02:50,21.427,0.944,0.01515,22.484,0.729,0.01244,
2022/04/09 03:00,21.493,0.94,0.01516,22.476,0.73,0.01244,
2022/04/09 03:10,21.47,0.941,0.01516,22.468,0.73,0.01244,
2022/04/09 03:20,21.437,0.943,0.01515,22.458,0.73,0.01243,
2022/04/09 03:30,21.403,0.945,0.01515,22.446,0.73,0.01243,
2022/04/09 03:40,21.37,0.946,0.01515,22.433,0.731,0.01242,
2022/04/09 03:50,21.337,0.948,0.01514,22.419,0.731,0.01242,
2022/04/09 04:00,21.303,0.95,0.01514,22.406,0.731,0.01241,
2022/04/09 04:10,21.27,0.95,0.01511,22.391,0.731,0.0124,
2022/04/09 04:20,21.237,0.95,0.01508,22.376,0.732,0.0124,
2022/04/09 04:30,21.203,0.95,0.01505,22.36,0.732,0.01239,
2022/04/09 04:40,21.17,0.95,0.01501,22.343,0.732,0.01238,
2022/04/09 04:50,21.137,0.95,0.01498,22.326,0.732,0.01237,
2022/04/09 05:00,21.103,0.95,0.01495,22.308,0.732,0.01236,
2022/04/09 05:10,21.13,0.948,0.01495,22.292,0.733,0.01235,
2022/04/09 05:20,21.163,0.947,0.01496,22.278,0.733,0.01234,
2022/04/09 05:30,21.197,0.945,0.01496,22.265,0.733,0.01234,
2022/04/09 05:40,21.23,0.943,0.01496,22.254,0.733,0.01233,
2022/04/09 05:50,21.263,0.942,0.01497,22.243,0.734,0.01233,
2022/04/09 06:00,21.297,0.94,0.01497,22.233,0.734,0.01232,
2022/04/09 06:10,21.27,0.94,0.01495,22.222,0.734,0.01232,
2022/04/09 06:20,21.237,0.94,0.01491,22.209,0.734,0.01231,
2022/04/09 06:30,21.203,0.94,0.01488,22.194,0.734,0.0123,
2022/04/09 06:40,21.17,0.94,0.01485,22.178,0.734,0.01229,
2022/04/09 06:50,21.137,0.94,0.01482,22.161,0.735,0.01228,
2022/04/09 07:00,21.103,0.94,0.01479,22.144,0.735,0.01227,
2022/04/09 07:10,21.25,0.934,0.01483,22.131,0.735,0.01226,
2022/04/09 07:20,21.417,0.927,0.01487,22.124,0.735,0.01226,
2022/04/09 07:30,21.583,0.92,0.01492,22.122,0.735,0.01226,
2022/04/09 07:40,21.75,0.914,0.01496,22.123,0.735,0.01227,
2022/04/09 07:50,21.917,0.907,0.01501,22.127,0.736,0.01227,
2022/04/09 08:00,22.083,0.901,0.01505,22.133,0.736,0.01228,
2022/04/09 08:10,22.19,0.892,0.01501,22.139,0.736,0.01229,
2022/04/09 08:20,22.29,0.884,0.01496,22.142,0.736,0.01229,
2022/04/09 08:30,22.39,0.876,0.0149,22.144,0.736,0.01229,
2022/04/09 08:40,22.49,0.867,0.01485,22.145,0.736,0.01229,
2022/04/09 08:50,22.59,0.859,0.0148,22.145,0.736,0.01229,
2022/04/09 09:00,22.69,0.851,0.01475,22.146,0.736,0.01229,
2022/04/09 09:10,22.79,0.847,0.01477,22.148,0.735,0.01229,
2022/04/09 09:20,22.89,0.844,0.0148,22.153,0.735,0.01229,
2022/04/09 09:30,22.99,0.84,0.01483,22.161,0.735,0.01229,
2022/04/09 09:40,23.09,0.837,0.01487,22.171,0.735,0.0123,
2022/04/09 09:50,23.19,0.834,0.0149,22.183,0.735,0.01231,
2022/04/09 10:00,23.29,0.83,0.01493,22.196,0.736,0.01232,
2022/04/09 10:10,23.36,0.824,0.01487,22.209,0.736,0.01233,
2022/04/09 10:20,23.427,0.817,0.01481,22.22,0.735,0.01234,
2022/04/09 10:30,23.493,0.81,0.01475,22.23,0.735,0.01235,
2022/04/09 10:40,23.56,0.804,0.01468,22.238,0.735,0.01235,
2022/04/09 10:50,23.627,0.797,0.01462,22.247,0.735,0.01235,
2022/04/09 11:00,23.693,0.791,0.01456,22.256,0.734,0.01235,
2022/04/09 11:10,23.7,0.789,0.01452,22.264,0.734,0.01235,
2022/04/09 11:20,23.7,0.787,0.01449,22.272,0.734,0.01235,
2022/04/09 11:30,23.7,0.785,0.01446,22.28,0.734,0.01235,
2022/04/09 11:40,23.7,0.784,0.01443,22.288,0.733,0.01236,
2022/04/09 11:50,23.7,0.782,0.0144,22.297,0.733,0.01236,
2022/04/09 12:00,23.7,0.78,0.01436,22.305,0.733,0.01236,
2022/04/09 12:10,23.715,0.78,0.01438,22.315,0.732,0.01236,
2022/04/09 12:20,23.732,0.78,0.01439,22.326,0.732,0.01237,
2022/04/09 12:30,23.748,0.78,0.0144,22.339,0.732,0.01237,
2022/04/09 12:40,23.765,0.78,0.01442,22.353,0.732,0.01238,
2022/04/09 12:50,23.782,0.78,0.01443,22.368,0.732,0.01239,
2022/04/09 13:00,23.798,0.78,0.01445,22.384,0.731,0.0124,
2022/04/09 13:10,23.815,0.777,0.01441,22.4,0.731,0.01241,
2022/04/09 13:20,23.832,0.774,0.01436,22.414,0.731,0.01241,
2022/04/09 13:30,23.848,0.77,0.01431,22.427,0.73,0.01242,
2022/04/09 13:40,23.865,0.767,0.01426,22.44,0.73,0.01242,
2022/04/09 13:50,23.882,0.764,0.01421,22.452,0.73,0.01242,
2022/04/09 14:00,23.898,0.76,0.01416,22.465,0.729,0.01242,
2022/04/09 14:10,23.855,0.761,0.01415,22.477,0.729,0.01242,
2022/04/09 14:20,23.805,0.763,0.01414,22.488,0.728,0.01242,
2022/04/09 14:30,23.755,0.765,0.01412,22.499,0.728,0.01242,
2022/04/09 14:40,23.705,0.766,0.01411,22.51,0.727,0.01243,
2022/04/09 14:50,23.655,0.768,0.0141,22.52,0.727,0.01243,
2022/04/09 15:00,23.605,0.77,0.01409,22.531,0.727,0.01243,
2022/04/09 15:10,23.51,0.774,0.01409,22.54,0.726,0.01243,
2022/04/09 15:20,23.41,0.779,0.0141,22.549,0.726,0.01243,
2022/04/09 15:30,23.31,0.784,0.0141,22.557,0.726,0.01243,
2022/04/09 15:40,23.21,0.789,0.01411,22.565,0.725,0.01243,
2022/04/09 15:50,23.11,0.794,0.01411,22.572,0.725,0.01243,
2022/04/09 16:00,23.01,0.799,0.01411,22.578,0.725,0.01243,
2022/04/09 16:10,22.955,0.803,0.01413,22.585,0.725,0.01243,
2022/04/09 16:20,22.905,0.806,0.01414,22.592,0.724,0.01244,
2022/04/09 16:30,22.855,0.81,0.01416,22.6,0.724,0.01244,
2022/04/09 16:40,22.805,0.813,0.01418,22.609,0.724,0.01244,
2022/04/09 16:50,22.755,0.816,0.01419,22.617,0.724,0.01245,
2022/04/09 17:00,22.705,0.82,0.01421,22.625,0.724,0.01245,
2022/04/09 17:10,22.67,0.821,0.01421,22.633,0.724,0.01245,
2022/04/09 17:20,22.637,0.823,0.01421,22.64,0.723,0.01245,
2022/04/09 17:30,22.603,0.825,0.01421,22.647,0.723,0.01246,
2022/04/09 17:40,22.57,0.826,0.01421,22.653,0.723,0.01246,
2022/04/09 17:50,22.537,0.828,0.01421,22.659,0.723,0.01246,
2022/04/09 18:00,22.503,0.83,0.01421,22.664,0.722,0.01246,
2022/04/09 18:10,22.41,0.834,0.01421,22.667,0.722,0.01246,
2022/04/09 18:20,22.31,0.839,0.0142,22.669,0.722,0.01245,
2022/04/09 18:30,22.21,0.844,0.0142,22.668,0.722,0.01245,
2022/04/09 18:40,22.11,0.849,0.0142,22.666,0.722,0.01244,
2022/04/09 18:50,22.01,0.854,0.0142,22.663,0.721,0.01244,
2022/04/09 19:00,21.91,0.859,0.01419,22.659,0.721,0.01243,
2022/04/09 19:10,21.9,0.86,0.01419,22.655,0.721,0.01243,
2022/04/09 19:20,21.9,0.86,0.01419,22.653,0.721,0.01242,
2022/04/09 19:30,21.9,0.86,0.01419,22.651,0.721,0.01242,
2022/04/09 19:40,21.9,0.86,0.01419,22.649,0.721,0.01241,
2022/04/09 19:50,21.9,0.86,0.01419,22.647,0.72,0.01241,
2022/04/09 20:00,21.9,0.86,0.01419,22.646,0.72,0.01241,
2022/04/09 20:10,21.885,0.863,0.01423,22.644,0.72,0.0124,
2022/04/09 20:20,21.868,0.866,0.01427,22.642,0.72,0.0124,
2022/04/09 20:30,21.852,0.87,0.01431,22.641,0.72,0.0124,
2022/04/09 20:40,21.835,0.873,0.01435,22.64,0.72,0.0124,
2022/04/09 20:50,21.818,0.876,0.0144,22.639,0.72,0.01239,
2022/04/09 21:00,21.802,0.88,0.01444,22.638,0.72,0.01239,
2022/04/09 21:10,21.8,0.88,0.01444,22.637,0.72,0.01239,
2022/04/09 21:20,21.8,0.88,0.01444,22.634,0.72,0.01239,
2022/04/09 21:30,21.8,0.88,0.01444,22.631,0.72,0.01239,
2022/04/09 21:40,21.8,0.88,0.01444,22.628,0.72,0.01239,
2022/04/09 21:50,21.8,0.88,0.01444,22.624,0.72,0.01238,
2022/04/09 22:00,21.8,0.88,0.01444,22.619,0.72,0.01238,
2022/04/09 22:10,21.8,0.88,0.01444,22.615,0.72,0.01238,
2022/04/09 22:20,21.8,0.88,0.01444,22.61,0.72,0.01237,
2022/04/09 22:30,21.8,0.88,0.01444,22.605,0.72,0.01237,
2022/04/09 22:40,21.8,0.88,0.01444,22.6,0.72,0.01237,
2022/04/09 22:50,21.8,0.88,0.01444,22.595,0.72,0.01236,
2022/04/09 23:00,21.8,0.88,0.01444,22.589,0.72,0.01236,
2022/04/09 23:10,21.815,0.883,0.01451,22.585,0.72,0.01236,
2022/04/09 23:20,21.832,0.886,0.01458,22.583,0.72,0.01236,
2022/04/09 23:30,21.848,0.89,0.01465,22.583,0.721,0.01236,
2022/04/09 23:40,21.865,0.893,0.01472,22.584,0.721,0.01237,
2022/04/09 23:50,21.882,0.896,0.01479,22.586,0.721,0.01237,
2022/04/10 00:00,21.898,0.9,0.01486,22.589,0.722,0.01238,
2022/04/10 00:10,21.885,0.903,0.01491,22.592,0.722,0.01239,
2022/04/10 00:20,21.868,0.906,0.01495,22.593,0.722,0.0124,
2022/04/10 00:30,21.852,0.91,0.01499,22.594,0.723,0.01241,
2022/04/10 00:40,21.835,0.913,0.01503,22.595,0.723,0.01242,
2022/04/10 00:50,21.818,0.916,0.01507,22.595,0.724,0.01242,
2022/04/10 01:00,21.802,0.92,0.01511,22.596,0.724,0.01243,
2022/04/10 01:10,21.83,0.918,0.01512,22.596,0.725,0.01244,
2022/04/10 01:20,21.863,0.917,0.01512,22.597,0.725,0.01245,
2022/04/10 01:30,21.897,0.915,0.01512,22.598,0.725,0.01246,
2022/04/10 01:40,21.93,0.913,0.01513,22.6,0.726,0.01247,
2022/04/10 01:50,21.963,0.912,0.01513,22.601,0.726,0.01247,
2022/04/10 02:00,21.997,0.91,0.01513,22.602,0.727,0.01248,
2022/04/10 02:10,22.015,0.91,0.01515,22.604,0.727,0.01249,
2022/04/10 02:20,22.032,0.91,0.01516,22.605,0.727,0.0125,
2022/04/10 02:30,22.048,0.91,0.01518,22.607,0.728,0.01251,
2022/04/10 02:40,22.065,0.91,0.0152,22.608,0.728,0.01251,
2022/04/10 02:50,22.082,0.91,0.01521,22.61,0.729,0.01252,
2022/04/10 03:00,22.098,0.91,0.01523,22.612,0.729,0.01253,
2022/04/10 03:10,22.1,0.915,0.01531,22.615,0.729,0.01254,
2022/04/10 03:20,22.1,0.92,0.01539,22.619,0.73,0.01255,
2022/04/10 03:30,22.1,0.924,0.01548,22.625,0.731,0.01257,
2022/04/10 03:40,22.1,0.93,0.01556,22.631,0.731,0.01259,
2022/04/10 03:50,22.1,0.934,0.01565,22.639,0.732,0.0126,
2022/04/10 04:00,22.1,0.939,0.01573,22.647,0.733,0.01262,
2022/04/10 04:10,22.13,0.94,0.01577,22.656,0.733,0.01264,
2022/04/10 04:20,22.163,0.94,0.01581,22.664,0.734,0.01266,
2022/04/10 04:30,22.197,0.94,0.01584,22.672,0.735,0.01268,
2022/04/10 04:40,22.23,0.94,0.01587,22.68,0.736,0.0127,
2022/04/10 04:50,22.263,0.94,0.0159,22.689,0.736,0.01272,
2022/04/10 05:00,22.297,0.94,0.01594,22.698,0.737,0.01274,
2022/04/10 05:10,22.345,0.935,0.01591,22.706,0.738,0.01276,
2022/04/10 05:20,22.395,0.93,0.01587,22.713,0.738,0.01277,
2022/04/10 05:30,22.445,0.925,0.01583,22.719,0.739,0.01279,
2022/04/10 05:40,22.495,0.92,0.01579,22.724,0.739,0.0128,
2022/04/10 05:50,22.545,0.915,0.01575,22.728,0.739,0.01281,
2022/04/10 06:00,22.595,0.91,0.01571,22.733,0.74,0.01282,
2022/04/10 06:10,22.6,0.91,0.01571,22.737,0.74,0.01283,
2022/04/10 06:20,22.6,0.91,0.01571,22.74,0.74,0.01283,
2022/04/10 06:30,22.6,0.91,0.01571,22.744,0.741,0.01284,
2022/04/10 06:40,22.6,0.91,0.01571,22.747,0.741,0.01285,
2022/04/10 06:50,22.6,0.91,0.01571,22.75,0.742,0.01286,
2022/04/10 07:00,22.6,0.91,0.01571,22.753,0.742,0.01287,
2022/04/10 07:10,22.63,0.908,0.01571,22.757,0.742,0.01288,
2022/04/10 07:20,22.663,0.907,0.01572,22.761,0.743,0.01289,
2022/04/10 07:30,22.697,0.905,0.01572,22.765,0.743,0.0129,
2022/04/10 07:40,22.73,0.903,0.01572,22.77,0.743,0.01291,
2022/04/10 07:50,22.763,0.902,0.01572,22.775,0.744,0.01292,
2022/04/10 08:00,22.797,0.9,0.01573,22.78,0.744,0.01293,
2022/04/10 08:10,22.83,0.898,0.01573,22.786,0.744,0.01294,
2022/04/10 08:20,22.863,0.897,0.01573,22.791,0.744,0.01294,
2022/04/10 08:30,22.897,0.895,0.01574,22.797,0.745,0.01295,
2022/04/10 08:40,22.93,0.893,0.01574,22.803,0.745,0.01296,
2022/04/10 08:50,22.963,0.892,0.01574,22.809,0.745,0.01297,
2022/04/10 09:00,22.997,0.89,0.01574,22.815,0.745,0.01298,
2022/04/10 09:10,23.03,0.892,0.0158,22.822,0.746,0.01299,
2022/04/10 09:20,23.063,0.893,0.01586,22.831,0.746,0.013,
2022/04/10 09:30,23.097,0.895,0.01593,22.842,0.746,0.01302,
2022/04/10 09:40,23.13,0.897,0.01599,22.854,0.747,0.01304,
2022/04/10 09:50,23.163,0.898,0.01605,22.867,0.747,0.01306,
2022/04/10 10:00,23.197,0.9,0.01612,22.881,0.748,0.01307,
2022/04/10 10:10,23.2,0.898,0.0161,22.894,0.748,0.01309,
2022/04/10 10:20,23.2,0.897,0.01607,22.904,0.748,0.01311,
2022/04/10 10:30,23.2,0.895,0.01603,22.912,0.749,0.01312,
2022/04/10 10:40,23.2,0.894,0.016,22.919,0.749,0.01313,
2022/04/10 10:50,23.2,0.892,0.01597,22.925,0.749,0.01314,
2022/04/10 11:00,23.2,0.89,0.01594,22.931,0.749,0.01315,
2022/04/10 11:10,23.23,0.888,0.01594,22.937,0.75,0.01315,
2022/04/10 11:20,23.263,0.887,0.01594,22.945,0.75,0.01316,
2022/04/10 11:30,23.297,0.885,0.01595,22.954,0.75,0.01318,
2022/04/10 11:40,23.33,0.883,0.01595,22.963,0.75,0.01319,
2022/04/10 11:50,23.363,0.882,0.01595,22.973,0.75,0.0132,
2022/04/10 12:00,23.397,0.88,0.01595,22.983,0.751,0.01321,
2022/04/10 12:10,23.445,0.878,0.01597,22.994,0.751,0.01322,
2022/04/10 12:20,23.495,0.877,0.01599,23.006,0.751,0.01323,
2022/04/10 12:30,23.545,0.875,0.01601,23.019,0.751,0.01325,
2022/04/10 12:40,23.595,0.873,0.01602,23.032,0.751,0.01326,
2022/04/10 12:50,23.645,0.872,0.01604,23.046,0.751,0.01328,
2022/04/10 13:00,23.695,0.87,0.01606,23.06,0.752,0.01329,
2022/04/10 13:10,23.73,0.87,0.01609,23.075,0.752,0.01331,
2022/04/10 13:20,23.763,0.87,0.01612,23.09,0.752,0.01332,
2022/04/10 13:30,23.797,0.87,0.01616,23.105,0.752,0.01334,
2022/04/10 13:40,23.83,0.87,0.01619,23.121,0.752,0.01335,
2022/04/10 13:50,23.863,0.87,0.01622,23.138,0.752,0.01337,
2022/04/10 14:00,23.897,0.87,0.01626,23.155,0.753,0.01339,
2022/04/10 14:10,23.885,0.869,0.01622,23.17,0.753,0.01341,
2022/04/10 14:20,23.868,0.867,0.01617,23.183,0.753,0.01342,
2022/04/10 14:30,23.852,0.865,0.01612,23.193,0.753,0.01343,
2022/04/10 14:40,23.835,0.864,0.01607,23.202,0.753,0.01343,
2022/04/10 14:50,23.818,0.862,0.01602,23.209,0.753,0.01344,
2022/04/10 15:00,23.802,0.86,0.01598,23.216,0.753,0.01345,
2022/04/10 15:10,23.8,0.863,0.01603,23.224,0.753,0.01345,
2022/04/10 15:20,23.8,0.866,0.01609,23.235,0.753,0.01346,
2022/04/10 15:30,23.8,0.87,0.01615,23.248,0.753,0.01348,
2022/04/10 15:40,23.8,0.873,0.01622,23.263,0.753,0.01349,
2022/04/10 15:50,23.8,0.876,0.01628,23.279,0.754,0.01351,
2022/04/10 16:00,23.8,0.88,0.01635,23.295,0.754,0.01353,
2022/04/10 16:10,23.755,0.883,0.01636,23.311,0.754,0.01355,
2022/04/10 16:20,23.705,0.886,0.01638,23.324,0.755,0.01356,
2022/04/10 16:30,23.655,0.89,0.01639,23.336,0.755,0.01358,
2022/04/10 16:40,23.605,0.893,0.0164,23.347,0.755,0.01359,
2022/04/10 16:50,23.555,0.896,0.01641,23.357,0.755,0.0136,
2022/04/10 17:00,23.505,0.9,0.01642,23.366,0.755,0.01362,
2022/04/10 17:10,23.47,0.9,0.0164,23.374,0.756,0.01363,
2022/04/10 17:20,23.437,0.9,0.01636,23.381,0.756,0.01364,
2022/04/10 17:30,23.403,0.9,0.01633,23.387,0.756,0.01364,
2022/04/10 17:40,23.37,0.9,0.01629,23.392,0.756,0.01365,
2022/04/10 17:50,23.337,0.9,0.01626,23.396,0.756,0.01365,
2022/04/10 18:00,23.303,0.9,0.01623,23.399,0.756,0.01366,
2022/04/10 18:10,23.27,0.903,0.01625,23.403,0.756,0.01366,
2022/04/10 18:20,23.237,0.906,0.01628,23.407,0.756,0.01367,
2022/04/10 18:30,23.203,0.91,0.0163,23.412,0.756,0.01367,
2022/04/10 18:40,23.17,0.913,0.01633,23.417,0.757,0.01368,
2022/04/10 18:50,23.137,0.916,0.01636,23.422,0.757,0.01369,
2022/04/10 19:00,23.103,0.92,0.01639,23.427,0.757,0.0137,
2022/04/10 19:10,23.1,0.922,0.01642,23.433,0.757,0.0137,
2022/04/10 19:20,23.1,0.923,0.01645,23.439,0.757,0.01371,
2022/04/10 19:30,23.1,0.925,0.01648,23.445,0.757,0.01372,
2022/04/10 19:40,23.1,0.926,0.01651,23.451,0.758,0.01373,
2022/04/10 19:50,23.1,0.928,0.01654,23.457,0.758,0.01374,
2022/04/10 20:00,23.1,0.93,0.01657,23.464,0.758,0.01375,
2022/04/10 20:10,23.115,0.93,0.01659,23.47,0.758,0.01376,
2022/04/10 20:20,23.132,0.93,0.0166,23.477,0.759,0.01377,
2022/04/10 20:30,23.148,0.93,0.01662,23.483,0.759,0.01378,
2022/04/10 20:40,23.165,0.93,0.01664,23.489,0.759,0.01378,
2022/04/10 20:50,23.182,0.93,0.01666,23.495,0.759,0.01379,
2022/04/10 21:00,23.198,0.93,0.01667,23.502,0.759,0.0138,
2022/04/10 21:10,23.17,0.931,0.01667,23.507,0.759,0.01381,
2022/04/10 21:20,23.137,0.933,0.01667,23.51,0.76,0.01382,
2022/04/10 21:30,23.103,0.935,0.01666,23.513,0.76,0.01382,
2022/04/10 21:40,23.07,0.936,0.01666,23.514,0.76,0.01382,
2022/04/10 21:50,23.037,0.938,0.01666,23.514,0.76,0.01383,
2022/04/10 22:00,23.003,0.94,0.01665,23.514,0.76,0.01383,
2022/04/10 22:10,22.985,0.941,0.01666,23.514,0.76,0.01384,
2022/04/10 22:20,22.968,0.943,0.01668,23.514,0.761,0.01384,
2022/04/10 22:30,22.952,0.945,0.01669,23.515,0.761,0.01384,
2022/04/10 22:40,22.935,0.946,0.0167,23.515,0.761,0.01385,
2022/04/10 22:50,22.918,0.948,0.01671,23.516,0.761,0.01385,
2022/04/10 23:00,22.902,0.95,0.01673,23.516,0.762,0.01386,
2022/04/10 23:10,22.9,0.948,0.0167,23.516,0.762,0.01386,
2022/04/10 23:20,22.9,0.947,0.01667,23.515,0.762,0.01386,
2022/04/10 23:30,22.9,0.945,0.01664,23.513,0.762,0.01386,
2022/04/10 23:40,22.9,0.944,0.01661,23.51,0.762,0.01386,
2022/04/10 23:50,22.9,0.942,0.01658,23.506,0.762,0.01386,
2022/04/11 00:00,22.9,0.94,0.01655,23.503,0.762,0.01386,
2022/04/11 00:10,22.885,0.941,0.01656,23.499,0.762,0.01385,
2022/04/11 00:20,22.868,0.943,0.01657,23.495,0.762,0.01385,
2022/04/11 00:30,22.852,0.945,0.01659,23.492,0.762,0.01385,
2022/04/11 00:40,22.835,0.946,0.0166,23.488,0.763,0.01385,
2022/04/11 00:50,22.818,0.948,0.01661,23.485,0.763,0.01385,
2022/04/11 01:00,22.802,0.95,0.01662,23.482,0.763,0.01385,
2022/04/11 01:10,22.785,0.951,0.01664,23.478,0.763,0.01385,
2022/04/11 01:20,22.768,0.953,0.01665,23.475,0.763,0.01385,
2022/04/11 01:30,22.752,0.955,0.01666,23.471,0.763,0.01385,
2022/04/11 01:40,22.735,0.956,0.01667,23.467,0.763,0.01385,
2022/04/11 01:50,22.718,0.958,0.01669,23.463,0.764,0.01385,
2022/04/11 02:00,22.702,0.96,0.0167,23.459,0.764,0.01385,
2022/04/11 02:10,22.73,0.957,0.01668,23.455,0.764,0.01385,
2022/04/11 02:20,22.763,0.954,0.01665,23.452,0.764,0.01385,
2022/04/11 02:30,22.797,0.95,0.01663,23.448,0.764,0.01385,
2022/04/11 02:40,22.83,0.947,0.0166,23.444,0.764,0.01385,
2022/04/11 02:50,22.863,0.944,0.01658,23.44,0.764,0.01384,
2022/04/11 03:00,22.897,0.94,0.01655,23.436,0.764,0.01384,
2022/04/11 03:10,22.885,0.941,0.01656,23.431,0.764,0.01384,
2022/04/11 03:20,22.868,0.943,0.01657,23.427,0.764,0.01383,
2022/04/11 03:30,22.852,0.945,0.01659,23.423,0.764,0.01383,
2022/04/11 03:40,22.835,0.946,0.0166,23.418,0.765,0.01383,
2022/04/11 03:50,22.818,0.948,0.01661,23.414,0.765,0.01383,
2022/04/11 04:00,22.802,0.95,0.01662,23.409,0.765,0.01383,
2022/04/11 04:10,22.8,0.95,0.01663,23.405,0.765,0.01383,
2022/04/11 04:20,22.8,0.95,0.01663,23.401,0.765,0.01383,
2022/04/11 04:30,22.8,0.95,0.01663,23.396,0.765,0.01382,
2022/04/11 04:40,22.8,0.95,0.01663,23.392,0.765,0.01382,
2022/04/11 04:50,22.8,0.95,0.01663,23.388,0.766,0.01382,
2022/04/11 05:00,22.8,0.95,0.01663,23.384,0.766,0.01382,
2022/04/11 05:10,22.8,0.948,0.0166,23.379,0.766,0.01382,
2022/04/11 05:20,22.8,0.947,0.01657,23.374,0.766,0.01382,
2022/04/11 05:30,22.8,0.945,0.01654,23.368,0.766,0.01381,
2022/04/11 05:40,22.8,0.943,0.01651,23.361,0.766,0.01381,
2022/04/11 05:50,22.8,0.942,0.01648,23.355,0.766,0.0138,
2022/04/11 06:00,22.8,0.94,0.01645,23.348,0.766,0.01379,
2022/04/11 06:10,22.8,0.942,0.01647,23.341,0.766,0.01379,
2022/04/11 06:20,22.8,0.943,0.0165,23.336,0.766,0.01379,
2022/04/11 06:30,22.8,0.945,0.01653,23.332,0.766,0.01379,
2022/04/11 06:40,22.8,0.946,0.01656,23.33,0.766,0.01379,
2022/04/11 06:50,22.8,0.948,0.01659,23.327,0.767,0.01379,
2022/04/11 07:00,22.8,0.95,0.01662,23.325,0.767,0.01379,
2022/04/11 07:10,22.86,0.949,0.01666,23.325,0.767,0.01379,
2022/04/11 07:20,22.927,0.947,0.0167,23.326,0.767,0.0138,
2022/04/11 07:30,22.993,0.945,0.01674,23.329,0.767,0.01381,
2022/04/11 07:40,23.06,0.943,0.01678,23.334,0.768,0.01381,
2022/04/11 07:50,23.127,0.942,0.01682,23.339,0.768,0.01382,
2022/04/11 08:00,23.193,0.94,0.01686,23.346,0.768,0.01383,
2022/04/11 08:10,23.185,0.939,0.01682,23.351,0.768,0.01384,
2022/04/11 08:20,23.168,0.937,0.01677,23.352,0.768,0.01384,
2022/04/11 08:30,23.152,0.935,0.01672,23.351,0.769,0.01384,
2022/04/11 08:40,23.135,0.934,0.01667,23.348,0.769,0.01384,
2022/04/11 08:50,23.118,0.932,0.01662,23.344,0.769,0.01384,
2022/04/11 09:00,23.102,0.93,0.01658,23.339,0.769,0.01384,
2022/04/11 09:10,22.98,0.926,0.01637,23.33,0.768,0.01383,
2022/04/11 09:20,22.847,0.921,0.01615,23.312,0.768,0.0138,
2022/04/11 09:30,22.713,0.916,0.01593,23.288,0.768,0.01377,
2022/04/11 09:40,22.58,0.911,0.01571,23.26,0.767,0.01374,
2022/04/11 09:50,22.447,0.906,0.01549,23.228,0.766,0.0137,
2022/04/11 10:00,22.313,0.901,0.01527,23.192,0.766,0.01366,
2022/04/11 10:10,22.24,0.894,0.01509,23.156,0.765,0.01361,
2022/04/11 10:20,22.173,0.888,0.01491,23.12,0.764,0.01356,
2022/04/11 10:30,22.107,0.881,0.01474,23.083,0.763,0.01352,
2022/04/11 10:40,22.04,0.874,0.01456,23.046,0.762,0.01346,
2022/04/11 10:50,21.973,0.868,0.01439,23.007,0.761,0.01341,
2022/04/11 11:00,21.907,0.861,0.01421,22.966,0.759,0.01336,
2022/04/11 11:10,21.87,0.863,0.01422,22.928,0.758,0.0133,
2022/04/11 11:20,21.837,0.866,0.01424,22.894,0.757,0.01326,
2022/04/11 11:30,21.803,0.87,0.01427,22.863,0.756,0.01322,
2022/04/11 11:40,21.77,0.873,0.0143,22.835,0.756,0.01318,
2022/04/11 11:50,21.737,0.876,0.01432,22.807,0.755,0.01314,
2022/04/11 12:00,21.703,0.88,0.01435,22.781,0.754,0.01311,
2022/04/11 12:10,21.685,0.877,0.01429,22.753,0.753,0.01307,
2022/04/11 12:20,21.668,0.874,0.01422,22.724,0.752,0.01303,
2022/04/11 12:30,21.652,0.87,0.01415,22.693,0.752,0.01299,
2022/04/11 12:40,21.635,0.867,0.01408,22.662,0.751,0.01295,
2022/04/11 12:50,21.618,0.864,0.01401,22.629,0.75,0.01291,
2022/04/11 13:00,21.602,0.86,0.01394,22.597,0.749,0.01287,
2022/04/11 13:10,21.495,0.86,0.01384,22.562,0.748,0.01282,
2022/04/11 13:20,21.378,0.86,0.01374,22.524,0.747,0.01277,
2022/04/11 13:30,21.262,0.86,0.01364,22.484,0.746,0.01272,
2022/04/11 13:40,21.145,0.86,0.01354,22.443,0.745,0.01267,
2022/04/11 13:50,21.028,0.86,0.01344,22.4,0.744,0.01262,
2022/04/11 14:00,20.912,0.86,0.01334,22.356,0.743,0.01257,
2022/04/11 14:10,20.975,0.852,0.01327,22.314,0.742,0.01252,
2022/04/11 14:20,21.058,0.844,0.01321,22.278,0.741,0.01248,
2022/04/11 14:30,21.142,0.836,0.01314,22.245,0.74,0.01243,
2022/04/11 14:40,21.225,0.827,0.01308,22.214,0.739,0.01239,
2022/04/11 14:50,21.308,0.819,0.01301,22.184,0.738,0.01235,
2022/04/11 15:00,21.392,0.811,0.01295,22.156,0.736,0.01231,
2022/04/11 15:10,21.325,0.812,0.0129,22.127,0.735,0.01227,
2022/04/11 15:20,21.242,0.813,0.01286,22.095,0.734,0.01223,
2022/04/11 15:30,21.158,0.815,0.01282,22.062,0.733,0.01218,
2022/04/11 15:40,21.075,0.817,0.01278,22.028,0.732,0.01214,
2022/04/11 15:50,20.992,0.818,0.01274,21.993,0.731,0.0121,
2022/04/11 16:00,20.908,0.82,0.0127,21.958,0.73,0.01206,
2022/04/11 16:10,20.87,0.819,0.01265,21.924,0.729,0.01201,
2022/04/11 16:20,20.837,0.817,0.0126,21.89,0.729,0.01197,
2022/04/11 16:30,20.803,0.815,0.01255,21.856,0.728,0.01193,
2022/04/11 16:40,20.77,0.814,0.0125,21.823,0.727,0.0119,
2022/04/11 16:50,20.737,0.812,0.01244,21.791,0.726,0.01186,
2022/04/11 17:00,20.703,0.81,0.01239,21.759,0.725,0.01182,
2022/04/11 17:10,20.745,0.804,0.01232,21.728,0.724,0.01178,
2022/04/11 17:20,20.795,0.797,0.01226,21.699,0.723,0.01174,
2022/04/11 17:30,20.845,0.791,0.01219,21.671,0.722,0.01171,
2022/04/11 17:40,20.895,0.784,0.01213,21.644,0.721,0.01167,
2022/04/11 17:50,20.945,0.777,0.01206,21.618,0.72,0.01163,
2022/04/11 18:00,20.995,0.771,0.01199,21.592,0.719,0.0116,
2022/04/11 18:10,20.91,0.774,0.01199,21.566,0.718,0.01156,
2022/04/11 18:20,20.81,0.779,0.01199,21.539,0.717,0.01153,
2022/04/11 18:30,20.71,0.784,0.01199,21.512,0.716,0.0115,
2022/04/11 18:40,20.61,0.789,0.012,21.484,0.716,0.01146,
2022/04/11 18:50,20.51,0.794,0.012,21.457,0.715,0.01143,
2022/04/11 19:00,20.41,0.799,0.012,21.429,0.714,0.0114,
2022/04/11 19:10,20.34,0.801,0.01198,21.402,0.714,0.01137,
2022/04/11 19:20,20.273,0.803,0.01195,21.375,0.713,0.01135,
2022/04/11 19:30,20.207,0.805,0.01193,21.348,0.712,0.01132,
2022/04/11 19:40,20.14,0.806,0.0119,21.321,0.712,0.01129,
2022/04/11 19:50,20.073,0.808,0.01188,21.294,0.711,0.01126,
2022/04/11 20:00,20.007,0.81,0.01185,21.267,0.711,0.01123,
2022/04/11 20:10,20.105,0.799,0.01177,21.242,0.71,0.0112,
2022/04/11 20:20,20.222,0.787,0.01167,21.219,0.709,0.01118,
2022/04/11 20:30,20.338,0.776,0.01158,21.197,0.709,0.01115,
2022/04/11 20:40,20.455,0.764,0.01149,21.177,0.708,0.01112,
2022/04/11 20:50,20.572,0.752,0.0114,21.157,0.707,0.01109,
2022/04/11 21:00,20.688,0.741,0.0113,21.138,0.706,0.01106,
2022/04/11 21:10,20.58,0.746,0.0113,21.117,0.705,0.01103,
2022/04/11 21:20,20.447,0.752,0.01131,21.093,0.704,0.011,
2022/04/11 21:30,20.313,0.759,0.01131,21.069,0.703,0.01097,
2022/04/11 21:40,20.18,0.766,0.01132,21.043,0.702,0.01094,
2022/04/11 21:50,20.047,0.772,0.01133,21.016,0.702,0.01091,
2022/04/11 22:00,19.913,0.779,0.01133,20.989,0.701,0.01089,
2022/04/11 22:10,19.84,0.776,0.01122,20.961,0.7,0.01086,
2022/04/11 22:20,19.773,0.771,0.01111,20.93,0.7,0.01082,
2022/04/11 22:30,19.707,0.766,0.01099,20.897,0.699,0.01079,
2022/04/11 22:40,19.64,0.761,0.01087,20.863,0.698,0.01075,
2022/04/11 22:50,19.573,0.756,0.01075,20.827,0.697,0.01071,
2022/04/11 23:00,19.507,0.751,0.01063,20.791,0.696,0.01067,
2022/04/11 23:10,19.56,0.744,0.01057,20.756,0.695,0.01063,
2022/04/11 23:20,19.627,0.737,0.01052,20.725,0.694,0.0106,
2022/04/11 23:30,19.693,0.73,0.01046,20.697,0.693,0.01056,
2022/04/11 23:40,19.76,0.724,0.01041,20.671,0.692,0.01053,
2022/04/11 23:50,19.827,0.717,0.01036,20.647,0.691,0.0105,
2022/04/12 00:00,19.893,0.711,0.0103,20.623,0.69,0.01047,
2022/04/12 00:10,19.825,0.71,0.01025,20.597,0.689,0.01043,
2022/04/12 00:20,19.742,0.71,0.0102,20.568,0.688,0.0104,
2022/04/12 00:30,19.658,0.71,0.01014,20.537,0.687,0.01036,
2022/04/12 00:40,19.575,0.71,0.01009,20.505,0.686,0.01032,
2022/04/12 00:50,19.492,0.71,0.01004,20.472,0.685,0.01029,
2022/04/12 01:00,19.408,0.71,0.00998,20.438,0.684,0.01025,
2022/04/12 01:10,19.37,0.709,0.00994,20.405,0.683,0.01021,
2022/04/12 01:20,19.337,0.707,0.00989,20.372,0.682,0.01018,
2022/04/12 01:30,19.303,0.705,0.00985,20.341,0.681,0.01014,
2022/04/12 01:40,19.27,0.704,0.00981,20.31,0.68,0.01011,
2022/04/12 01:50,19.237,0.702,0.00976,20.28,0.679,0.01008,
2022/04/12 02:00,19.203,0.7,0.00972,20.249,0.678,0.01004,
2022/04/12 02:10,19.26,0.7,0.00975,20.222,0.677,0.01001,
2022/04/12 02:20,19.327,0.7,0.00979,20.2,0.676,0.00999,
2022/04/12 02:30,19.393,0.7,0.00983,20.182,0.675,0.00996,
2022/04/12 02:40,19.46,0.7,0.00987,20.166,0.675,0.00994,
2022/04/12 02:50,19.527,0.7,0.00992,20.153,0.674,0.00993,
2022/04/12 03:00,19.593,0.7,0.00996,20.142,0.674,0.00991,
2022/04/12 03:10,19.54,0.701,0.00994,20.13,0.673,0.0099,
2022/04/12 03:20,19.473,0.703,0.00993,20.114,0.672,0.00988,
2022/04/12 03:30,19.407,0.705,0.00991,20.095,0.672,0.00986,
2022/04/12 03:40,19.34,0.706,0.00989,20.076,0.671,0.00984,
2022/04/12 03:50,19.273,0.708,0.00987,20.056,0.671,0.00981,
2022/04/12 04:00,19.207,0.71,0.00985,20.035,0.67,0.00979,
2022/04/12 04:10,19.17,0.709,0.00981,20.014,0.67,0.00977,
2022/04/12 04:20,19.137,0.707,0.00977,19.994,0.669,0.00975,
2022/04/12 04:30,19.103,0.705,0.00973,19.973,0.668,0.00973,
2022/04/12 04:40,19.07,0.704,0.00968,19.952,0.668,0.00971,
2022/04/12 04:50,19.037,0.702,0.00964,19.931,0.667,0.00969,
2022/04/12 05:00,19.003,0.7,0.00959,19.91,0.667,0.00967,
2022/04/12 05:10,19.075,0.698,0.00961,19.892,0.666,0.00965,
2022/04/12 05:20,19.158,0.697,0.00964,19.878,0.666,0.00963,
2022/04/12 05:30,19.242,0.695,0.00967,19.868,0.665,0.00962,
2022/04/12 05:40,19.325,0.693,0.0097,19.86,0.665,0.00961,
2022/04/12 05:50,19.408,0.692,0.00972,19.854,0.664,0.0096,
2022/04/12 06:00,19.492,0.69,0.00975,19.849,0.664,0.00959,
2022/04/12 06:10,19.425,0.693,0.00975,19.842,0.664,0.00958,
2022/04/12 06:20,19.342,0.696,0.00975,19.832,0.663,0.00957,
2022/04/12 06:30,19.258,0.7,0.00974,19.819,0.663,0.00956,
2022/04/12 06:40,19.175,0.703,0.00974,19.804,0.663,0.00954,
2022/04/12 06:50,19.092,0.706,0.00973,19.789,0.662,0.00953,
2022/04/12 07:00,19.008,0.71,0.00973,19.773,0.662,0.00951,
2022/04/12 07:10,18.97,0.709,0.00969,19.756,0.662,0.0095,
2022/04/12 07:20,18.937,0.707,0.00965,19.739,0.661,0.00948,
2022/04/12 07:30,18.903,0.705,0.0096,19.722,0.661,0.00947,
2022/04/12 07:40,18.87,0.704,0.00956,19.705,0.661,0.00945,
2022/04/12 07:50,18.837,0.702,0.00952,19.687,0.66,0.00944,
2022/04/12 08:00,18.803,0.7,0.00947,19.669,0.66,0.00942,
2022/04/12 08:10,18.815,0.7,0.00948,19.652,0.659,0.0094,
2022/04/12 08:20,18.832,0.7,0.00949,19.637,0.659,0.00939,
2022/04/12 08:30,18.848,0.7,0.0095,19.624,0.659,0.00938,
2022/04/12 08:40,18.865,0.7,0.00951,19.612,0.658,0.00937,
2022/04/12 08:50,18.882,0.7,0.00952,19.601,0.658,0.00936,
2022/04/12 09:00,18.898,0.7,0.00953,19.59,0.658,0.00935,
2022/04/12 09:10,18.735,0.71,0.00957,19.578,0.658,0.00934,
2022/04/12 09:20,18.552,0.721,0.00961,19.562,0.658,0.00933,
2022/04/12 09:30,18.368,0.733,0.00965,19.543,0.658,0.00931,
2022/04/12 09:40,18.185,0.745,0.0097,19.523,0.658,0.0093,
2022/04/12 09:50,18.002,0.757,0.00974,19.502,0.658,0.00929,
2022/04/12 10:00,17.818,0.769,0.00978,19.479,0.658,0.00928,
2022/04/12 10:10,17.86,0.764,0.00975,19.458,0.658,0.00927,
2022/04/12 10:20,17.927,0.757,0.0097,19.44,0.658,0.00926,
2022/04/12 10:30,17.993,0.75,0.00965,19.422,0.658,0.00925,
2022/04/12 10:40,18.06,0.744,0.00961,19.405,0.658,0.00924,
2022/04/12 10:50,18.127,0.737,0.00956,19.389,0.658,0.00923,
2022/04/12 11:00,18.193,0.731,0.00952,19.373,0.658,0.00922,
2022/04/12 11:10,18.32,0.724,0.0095,19.358,0.657,0.0092,
2022/04/12 11:20,18.453,0.717,0.00949,19.346,0.657,0.00919,
2022/04/12 11:30,18.587,0.71,0.00948,19.336,0.657,0.00918,
2022/04/12 11:40,18.72,0.704,0.00947,19.327,0.657,0.00917,
2022/04/12 11:50,18.853,0.697,0.00946,19.319,0.656,0.00916,
2022/04/12 12:00,18.987,0.691,0.00945,19.312,0.656,0.00915,
2022/04/12 12:10,19.03,0.688,0.00945,19.304,0.655,0.00915,
2022/04/12 12:20,19.063,0.687,0.00944,19.295,0.655,0.00914,
2022/04/12 12:30,19.097,0.685,0.00944,19.286,0.655,0.00913,
2022/04/12 12:40,19.13,0.683,0.00944,19.277,0.655,0.00912,
2022/04/12 12:50,19.163,0.682,0.00943,19.267,0.654,0.00911,
2022/04/12 13:00,19.197,0.68,0.00943,19.259,0.654,0.0091,
2022/04/12 13:10,19.215,0.678,0.00942,19.25,0.654,0.00909,
2022/04/12 13:20,19.232,0.677,0.0094,19.242,0.654,0.00908,
2022/04/12 13:30,19.248,0.675,0.00939,19.233,0.653,0.00907,
2022/04/12 13:40,19.265,0.673,0.00938,19.225,0.653,0.00907,
2022/04/12 13:50,19.282,0.672,0.00936,19.218,0.653,0.00906,
2022/04/12 14:00,19.298,0.67,0.00935,19.212,0.653,0.00905,
2022/04/12 14:10,19.33,0.667,0.00932,19.206,0.653,0.00905,
2022/04/12 14:20,19.363,0.664,0.0093,19.2,0.652,0.00904,
2022/04/12 14:30,19.397,0.66,0.00927,19.195,0.652,0.00903,
2022/04/12 14:40,19.43,0.657,0.00924,19.191,0.652,0.00903,
